"Name","Phone","Address"

"Golden Oak","+ 91  80 33724824","Lamarvella Hotel, No.1,1st Floor, 14th Cross, South End Circle, Jayanagar 2nd Block, Bangalore - 560011, Opposite Bangalore Hospital"
"Capital Club Resort","+ 91  80 33080378","No 5/9, 80 Feet Road,Amruthnagar Main Road, Jp Nagar 9th Phase, Bangalore - 560062, Near Anjanapura Last Bus Stop"
"Kadamba K27 The Pub","+ 91  80 33762562","No. 27, 27th Cross, Banashankari 2nd Stage, Bangalore - 560070, Near Mono Type Bus Stop"
"Nesara Grand Restaurant","+ 91  80 39558158","Satya Heritage, 13th Main,E Block,8th Cross,Parallel Kodigehalli Main Road, Sahakara Nagar, Bangalore - 560092, Opposite Bbmp Park"
"The Burgundy","+ 91  80 33910464","Royal Orchid Suites Hotel, Annexe Of Vaswani Pinnacle, White Field Main Road, Whitefield, Bangalore - 560066, Opposite Bore Well Road"
"Vaishali Deluxe hotel","+ 91  9845833092","No.20, 100 Feet Road,1st A Cross,5th Main, Banashankari 3rd Stage, Bangalore - 560085, Opposite Kamakya Theatre"
"Bhagini Restaurant","+ 91  80 25427999","No.1253, Outer Ring Road, Banaswadi, Bangalore - 560043, Near Horamavu Signal"
"Havelli Restaurant","+ 91  80 33562992","No.14/1, Kodigehalli Main Road, Sahakara Nagar, Bangalore - 560092, Near Sterling Apartments And Twin Towers"
"Ritz Restaurant","+ 91  80 33056545","No.52 And 56,C/O Gardeenia Comfortes Suites, Hosur Main Road, Bommasandra Industrial Area, Bangalore - 560099, Opposite Shetron And Canara Bank"
"Zaica Dine And Wine","+ 91  80 41201745",""
"Ujwal Family Restaurant","+ 91  80 33491848","No 204/A, 4/2 Cross,Millers Road, Vasanth Nagar, Bangalore - 560052, Opposite Mahaveer Jain Hospital"
"Zaica Dine And Wine","+ 91  80 33531669","No.141, Nagawara Junction,Thanisandra Main Road, Nagawara, Bangalore - 560045, Near Manyta Tech Park, Above A2b Hotel"
"Absolute Barbecue","+ 91  80 33644500","CPR tower,2nd Floor, 1st Phase,2nd Street,2nd Stage,100 Feet Ring Road, BTM Layout, Bangalore - 560076, Near Jayadeva Flyover"
"Icon Club","+ 91  80 33674319","No.1A/35/1,3rd Floor, Tumkur Road, Yeshwanthpur, Bangalore - 560022, Opposite Rns Motors"
"RBP Greens Garden","+ 91  80 30145341","29th Main Road, Lake Road, Btm Layout 2nd Stage, Bangalore - 560076"
"3bs Buddies Bar And Barbecues","+ 91  8880422301","Rooftop 90/4, Outer Ring Road, Marathahalli, Bangalore - 560037, Above ABS And Near Park Plaza Hotel"
"Ruh Restaurant","+ 91  80 33054577","4th Floor,Ganapa Tower, Sarjapur Outer Ring Road, Bellandur, Bangalore - 560103, Near Bellandur Junction And Central Mall"
"Bhagini Residency Lumbini G...","+ 91  80 46665999","No.4, Hebbal Outer Ring Road,Veeranna Palya,Service Road, Arabic College, Bangalore - 560045, Opposite Lumbini Park"
"Eden Park Restaurants","+ 91  8880845845","No.722/22, 10th Main,36th Cross, Jayanagar 4th Block, Bangalore - 560011, Opposite Limelite Salon,Near Jayanagar 5th Block Telephone Exchange"
"Zaica Dine And Wine","+ 91  80 39629148",""
"Young Island Comforts","+ 91  80 33724393","No.44, Millers Road, Millers Road, Bangalore - 560051, Opposite To Millers Point Complex"
"BlueOlive","+ 91  80 33531775","No.74/2, 4th Floor, Sanjana Plaza, Elephant Rock Road, Jayanagar 3rd Block, Bangalore - 560011, Above R R Gold Palace"
"Troika","+ 91  80 39559202","No 2010, 100 Feet Road,Hal 2nd Stage, Indiranagar, Bangalore - 560038, Above Staples"
"South Point Pub Bar and Res...","+ 91  80 26563642","No.7, Lakshmi Tower, Building, No.200, R V Road, South End Circle, Basavanagudi, Bangalore - 560004, Next To Bangalore Hospital"
"Bean Here","+ 91  80 33724257","No.3,The Solitaire Hotel, Madhavnagar, Kumara Krupa Road, Bangalore - 560001, Near Sivananda Circle"
"Absolute Barbecue","+ 91  8088922203","Outer Ring Road, Marathahalli, Bangalore - 560037, Beside Park Plaza Hotel"
"Urban Edge","+ 91  80 39629165","No.125, Kundalahalli, Bangalore - 560037, Beside Nilgiris"
"Orchid Restaurant","+ 91  80 33292912","No.68/1, SC Road (majestic), Gandhi Nagar, Bangalore - 560009, Near Anand Rao Circle"
"Retro The Lounge Bar","+ 91  80 25363694","No.18/1, Cambridge Road, Ulsoor, Bangalore - 560008, Near Frank Antony Public School,Above Canara Bank"
"R V International Lodging A...","+ 91  80 33518437","No.K 7, 100 Feet Ring Road, 1st Phase, Kiadb Industrial Area, Anekal Taluk, Jigani, Bangalore - 560105, Near APC Circle"
"Rasa Restaurant","+ 91  80 42067030","No.30, 1st Cross,Sampige Road, Malleswaram, Bangalore - 560003, Near Sampige Theatre,Near Mantri Mall"
"The Yellow Chilli","+ 91  80 33724693","No.3, 2nd Floor, MSR West Park, Brigade Road, Church Street, Bangalore - 560001, Opposite To Metro Station"
"Margarita Lounge Bar","+ 91  7353800001","No.25/4,1st Floor, Lavelle Road, Bangalore - 560001, Opposite Harley Davidson Showroom"
"Salt Electra","+ 91  80 33618806","No 65 3rd Floor, 100 Feet Road, Indiranagar, Bangalore - 560038, Near Sony Center Signal"
"R V International Lodging A...","+ 91  80 33642955","No.K 7, 100 Feet Ring Road,1st Phase,Kiadb Industrial Area,Anekal Taluk, Jigani, Bangalore - 560105, Near APC Circle"
"Filling Station Restro And Pub","+ 91  80 33531392","No.33,, 17th Main, 5th Cross, 5th Block,, Koramangala, Bangalore - 560095, Opposite Nandhana Grand Hotel"
"Hoppipola Restaurant","+ 91  80 33674246","No 4032, 100ft Road, Indiranagar, Bangalore - 560038, Hal-II Stage"
"Fill N Chill Multicuisine R...","+ 91  80 33511448","No.107/2,, 80 Feet Road,, Koramangala 4th Block, Bangalore - 560034, Between Sony World & Maharaja Signal,"
"The Black Pearl Restaurant","+ 91  80 33561421","No.105,Vikas Tech Park,3rd And 4th Floor, Beside Empire Restaurant, Koramangala 5th Block, Bangalore - 560034, Near Jyothi Nivas College"
"Banjara Restaurant","+ 91  80 33530673",""
"Raaga","+ 91  80 25272755","No .3, Cmh Road, Indiranagar, Bangalore - 560008, Near HDFC Bank"
"Banjara Melting Pot","+ 91  80 33700797","Plot No 32, 80 Feet Road,4th Block, Koramangala, Bangalore - 560095, Next Umerkot Restaurant"
"Tamarind Restaurant","+ 91  80 33619410","No.1, Banasawadi Main Road, Banaswadi, Bangalore - 560043, Next To Fire Station & Above Food World"
"The Big Mataka","+ 91  80 33762320","No.329,4th Floor, Taralabalu Road, R T Nagar, Bangalore - 560032, Opposite Coffee Day"
"Asia Kitchen By Mainland China","+ 91  80 25504445","136, Ground Floor, 1st Cross Road, 5th Block , Jyotiniwas College Road, Koramangala, Bangalore - 560095, Under The Gold Gym"
"Mahesh Lunch Home","+ 91  80 41311101","Cears Plaza, Residency Road, Bangalore - 560025, Opposite Bangalore Club,Near Chancery Pavillion Hotel"
"The Fishermans Wharf","+ 91  80 33619563","No.26, Ambalipura, Haralur Road, Sarjapur Road, Bangalore - 560034, Near Big Bazaar"
"Deewar Restaurant","+ 91  80 33058896","No 1210/D, 1st Phase,2nd Stage,80 Feet Road, Chandra Layout, Bangalore - 560040, Near Chandra Layout Bus Stop"
"Svenska Design Hotels","+ 91  80 39558530","No.5, No 56/ D, Survey No.66, Electronic City, Bangalore - 560100, Opp Wipro Gate"
"Isys Restaurant","+ 91  80 41808777","No.79/8, Diagonal Road, Jayanagar 3rd Block, Bangalore - 560011, Next ICICI Bank"
"Simply Indian","+ 91  7022001251","No.500, Btm Layout 6th Stage,2nd Block,2nd Phase, Bannerghatta Road, Bangalore - 560076, Near SAI Baba Temple, Arekere"
"Hoppipola Restaurant","+ 91  80 33537856","3rd Floor, Church Street, Bangalore - 560001"
"Sea Route","+ 91  80 41222292","No.725, MK Towers, Modi Hospital Road,1st Stage, Rajajinagar, Rajajinagar, Bangalore - 560010, Opposite New Shanthi Sagar"
"New Bhagini Restaurant","+ 91  80 30832360","No.485, Hennur Main Road, Bangalore - 560043, Near Byrathi Cross,Opposite Value Mall"
"R B P Green Gardens Family ...","+ 91  80 33618014","No-67, 13th Main, Mahadeshwaranagar, N S Palya Road, Btm Layout 2nd Stage, Bangalore - 560076, Near Btm Club Road"
"Sea Rock","+ 91  80 41523344","No 6/4,1st And 2nd Floor,Shivananda Complex, Kumara Park East, Bangalore - 560001, Near Shivananda Circle"
"The Brew Master","+ 91  80 33294449","No.53/1, 2 & 3, Old Madaras Road,Battrahalli, Virgonagar, Bangalore - 560049, Near Indian Oil"
"Beer Republic","+ 91  80 33538282","No 62/63, Pavillion Mall,2nd Floor, Church Street, Bangalore - 560001"
"The Local","+ 91  80 41440067","No 2075,Supraja Building, 2nd Block,HRBR Layout, Kammanahalli, Bangalore - 560043"
"Caesars Restaurant","+ 91  80 33640753","No 9/2,1st Floor,Mahalakshmi Chambers, M G Road, Bangalore - 560001, Near Trinity Metro Station"
"Blue House Restaurant","+ 91  80 33051026","27th Main Sector I, HSR Layout, Bangalore - 560102, Above Bajaj Showroom"
"Farzi Cafe","+ 91  7259600900","202, Level 2, UB City Mall, Lavelle Road, Bangalore - 560001"
"Nandhini Deluxe Restaurant","+ 91  80 39626202","No 14/A/37, 27th Cross, Jayanagar 4th Block, Bangalore - 560011, Opposite Karnataka Bank"
"Big Brewsky","+ 91  8880075000","Sarjapur Road, Bangalore - 560034, Behind Mk Retail & Before Wipro Corporate Office"
"Samarkand Restaurant","+ 91  80 41113364","No.66,Gem Plaza, Infantry Road, Bangalore - 560001, Near Monarch Hotel"
"Shiro Restaurant","+ 91  80 41738864","No.222, 3rd Floor, Ub City Mall, No.24, Vittal Mallya Road, Bangalore - 560001, Next Shell Petrol Bunk"
"High Ultra Lounge","+ 91  80 45674567","Roof Top, World Trade Center, Brigade Gateway Campus, No.26/1, Dr Rajkumar Road, Malleswaram West, Bangalore - 560055, Near Orion Mall"
"Barbeque Nation Restaurant","+ 91  80 60600002","No 67, 15th Cross, 6th B Main, Jp Nagar 5th Phase, Bangalore - 560078"
"Brewsky","+ 91  8880075000","No 55, 5th Floor, Goenka Chambers, 19th Main, Jp Nagar 2nd Phase, Bangalore - 560078, Sarakki Extension, Jeewan Griha Colony"
"Skyye","+ 91  80 49090000","16th Floor, Vittal Mallya Road, Bangalore - 560001, Ub City"
"Soda Bottle Openerwala","+ 91  7022255299","No.25/4, Lavelle Road, Bangalore - 560001, Opposite Harley Davidson Showroom"
"Sunnys Restaurant","+ 91  80 41329366","No.50, Lavelle Road, Bangalore - 560001, Opposite Loom"
"Hard Rock Cafe","+ 91  80 41242222","No 40, Bible Society Building, St Marks Road, Bangalore - 560001, Opposite To Lic Building"
"Punjabi By Nature","+ 91  80 49138800","No.6, Krishna Nagar, Industrial Area, Hosur Road, Bangalore - 560029, Behind Forum Mall,Near Christ College"
"Smoke House Deli","+ 91  80 41276272","Shop No 52 & 53, Ground Floor, Lavelle Road, Bangalore - 560001, near cofe coffee day"
"Mayuri Veg And Non Veg Restaurant","+ 91  80 26704284","No.47-D, Jc Road, Jc Road, Bangalore - 560002, Opposite H P Petrol Bunk & Next Kamat Hotel"
"The Open Box","+ 91  80 41290055","No.9, 4th Floor, Halcyon Complex, St Marks Road, Bangalore - 560001, Opposite To Bishop Cotton Girls School"
"Tandoor Restaurant","+ 91  80 25584620","No.28, Centenary Building, M G Road, Bangalore - 560001, Next To Raheja Towers"
"Smoke House Deli","+ 91  80 25200899","No 1209, Ward No 72, Hal 2nd Stage, 100 Feet Road, Indiranagar, Bangalore - 560038, Opposite Starbucks Coffee"
"Nandhini Deluxe Restaurant St ...","+ 91  80 41233333","No 72, St Marks Road, Bangalore - 560001, Near Signal"
"Toscano Restaurant","+ 91  80 41738800","No.24, Ub City Mall, The Collection, Level 2, Concorde Block, Vittal Mallya Road, Bangalore - 560001"
"The Black Rabbit","+ 91  80 42415575","No 770, Escape Square, 100 Feet Main Road, Indiranagar, Bangalore - 560008, Next To I Planet,Adjacent To Sony Signal"
"The Glasshouse Deli Bistro Bar","+ 91  80 65419999","No.25/2, Lavelle Road, Bangalore - 560001, Opposite To Harley Davidson Showroom"
"Hangover","+ 91  9742599919","No.1080, 12th Main, Hal 2nd Stage, Indiranagar, Bangalore - 560038"
"Nandhini Paradise","+ 91  80 42050588","No.39/2, Itpl Main Road, Kundalahalli, Marathahalli, Bangalore - 560037, Near Hyper City"
"Fennys Lounge And Kitchens","+ 91  80 41282428","No.115, 3rd Floor, 7th Block, Industrial Area, Koramangala, Bangalore - 560095, Opposite Raheja Arcade"
"Loft 38 Lounge Bar","+ 91  80 49337555","No.763, Indiranagar, Bangalore - 560038, Near Sony Signal"
"Bakasur Restaurant","+ 91  8792000390","Indraprastha Equinox, 100 Feet Inner Ring Road, Koramangala, Bangalore - 560095, Near Sony Signal"
"The Permit Rooms","+ 91  9019113388","No.16/3, Ramkunj, Commissariat Road, Magrath Road, Bangalore - 560025, Opposite To Garuda Mall"
"Nandas","+ 91  80 42090505","No 1558, 19th Main,Outer Ring Road, HSR Layout, Bangalore - 560034, Opposite To Indian Petrol Pump"
"Blue Frog Club","+ 91  80 69999549","No.3, Ground Floor, Church Street, Bangalore - 560001"
"Anjappar Chettinad Restaurant","+ 91  80 25534477","No.4, 100 Feet Road,4th B Block,17th Main, Koramangala 4th Block, Bangalore - 560034, Next Bda Complex"
"1522 The Pub","+ 91  80 33080726","No 1522,White Horse Building, 17th Cross, Rajajinagar, Bangalore - 560010, Near Bridge"
"100 Feet Boutique Bar Restaurant","+ 91  80 25277752","No.777/ I, 100 Feet Road, HAL 2nd Stage Indiranagar, Bangalore - 560038, Opposite To New Horizon School"
"Sanctum","+ 91  80 30405400","No.135, 3rd Floor, Chancery Pavilion Commercial Block, Residency Road, Bangalore - 560025, Opposite To Bangalore Club"
"High Note Bar & Restaurant","+ 91  80 25278361","No.776, 3rd Floor, 100 Feet Road, Indiranagar, Bangalore - 560038, Above kotak Bank"
"Sotally Tober","+ 91  80 40965500","No.769, 1st Floor, 80 Feet Road, Koramangala 4th Block, Bangalore - 560034, Opposite To Bombay Dyeing"
"Koshys Bar & Restaurant","+ 91  80 22213793","No 39, Anil Kumble Circle, St Marks Road, Bangalore - 560001, Near LIC Building"
"Monkey Bar","+ 91  80 44114455","No.610, 12th Main, Indiranagar, Bangalore - 560008, Near State Bank Of India"
"Copper Chimney Restaurant","+ 91  80 41155800","No.2006,Ground Floor, 100 Feet Road,Hal 2nd Stage, Indiranagar, Bangalore - 560038, near. Vodafone Store"
"Banjara Melting Pot","+ 91  80 41231772","No G/117/118 Prestige Centre Point Ground Floor, Edward Road, Cunningham Road, Bangalore - 560052, Below Pizza Hut"
"Bakasur Restaurant","+ 91  80 25747000","Suramy Plaza, Outer Ring Road, Varthur Hobli, Bellandur, Bangalore - 560103, Next Indian Oil Petrol Bunk"
"Punjabi By Nature","+ 91  80 49677777","No 12, Ground Floor, NCC Garnet Building, Epip Industrial Area, Sadarmangala, Whitefield, Bangalore - 560066, Opposite Prestige Shantiniketan"
"Phobidden Fruit Restaurant","+ 91  80 41107735","No.965, 12th Main Road, Hal 2nd Stage, Indiranagar, Bangalore - 560038, Near Sony Center"
"Ujwal Family Restaurant And Bar","+ 91  80 23517760","No.38, Sanjay Nagar, Bangalore - 560094, Opposite To Rmv Hospital"
"Bhagini Restaurant","+ 91  8722926710","Hunasamaranahalli, Yelahanka, Bangalore - 560064, Opposite To Government School"
"Angeethi Restaurant","+ 91  80 41113340","No 1, Museum Inn Premises, Museum Road, Bangalore - 560001, Near To Kc DAS"
"Eden Park Restaurant","+ 91  80 22861100","No.21/1, Cunningham Road, Bangalore - 560052, Behind The Hindu"
"Park View family restaurant","+ 91  80 23358772","No.906/A, 6th Main, Vijayanagar, Bangalore - 560040, Near Reliance Web World"
"Gillys Restobar","+ 91  7022259346","4th & 5th Floor, Sree Premprasad Complex, New Bel Road, New Bel Road, Bangalore - 560054, Opposite Ramaiah Hospital"
"Domlur Club","+ 91  80 25350556","No.3, 4th Main, 2nd Stage, Domlur, Bangalore - 560071, Near Kalki Bhavan Temple"
"The Warehouse Restaurant","+ 91  80 41261114","No.3, 80 Feet Road, Indiranagar, Bangalore - 560038, Next To Spencers Supermarket"
"Bhagini Restaurant And Bar","+ 91  80 41157842","No.11, Itpl Road, K R Puram Hobli, Hoodi, Bangalore - 560048, Near DHL & Kamat Hotel"
"Deja Vu","+ 91  80 26581646","5th Floor, Gopalan Innovation Mall, Bannerghatta Road, Jp Nagar 3rd Phase, Bangalore - 560078, Near Jayadeva Hospital"
"Karavalli (The Taj Gateway Hotel)","+ 91  80 66604545","No.66, Ground Floor, Residency Road, Bangalore - 560025, Opposite To Galaxy Complex & Near Honda Showroom"
"The Humming Tree","+ 91  80 25201201","No.949,3rd Floor And Roof Top, 12th Main Road, Indiranagar, Bangalore - 560038, Near ICICI BANK"
"Oye Amritsar Restaurant","+ 91  80 41232111","No.3, 80 Feet Road, Hal 2nd Stage, Indiranagar, Bangalore - 560008, Near CMH Hospital"
"Underdoggs Sports Bar & Grill","+ 91  7022666677","No.55, 2nd Floor, Goenka Chambers, 19th Main Road, Jp Nagar 2nd Phase, Bangalore - 560078, Jeewan Griha Colony"
"Bricklane Grill","+ 91  80 42415555","C/O Escape Hotel & Spa,No 770, 100 Feet Road,12th Main Road, Indiranagar, Bangalore - 560038, Near Sony Centre"
"Zaffran Restaurant","+ 91  80 65958888","Upper Ground Floor, Orion Mall, Brigade Gateway, Dr Rajkumar Road, Malleswaram West, Bangalore - 560055"
"Portland Steak House And Cafe","+ 91  80 25593405","No.1, 1st Cross, Brunton Road, M G Road, Bangalore - 560001, Diagonally Opposite To Udaya TV, Off Mg Road"
"Singkong Restaurant","+ 91  80 41734151","No.204, 2nd Level, 4th Floor, Comet Block, Ub City, Vittal Mallya Road, Bangalore - 560001, Near Lavelle Road"
"Coconut Grove Restaurant","+ 91  80 25596149","No.86, Spencers Building, Church Street, Bangalore - 560001, Opposite To Amoeba"
"One Night In Bangkok","+ 91  9739902745","12th Main, Hal 2nd Stage, Indiranagar, Bangalore - 560038"
"Maharaja Multicuisine Restaurant","+ 91  80 25526408","No.640, 80 Feet Road, Koramangala 4th Block, Bangalore - 560034"
"TGI Fridays Restaurant","+ 91  80 67080290","3rd Floor, Royal Meenakshi Mall, Hulimavu, Bannerghatta Road, Bangalore - 560076, Opp Meenakshi Temple"
"Ji Hazoor Restaurant","+ 91  9964651107","Plot No.95, 4th Floor, Epip Zone, Whitefield, Bangalore - 560066, Near Vydehi Hospital Circle"
"Chilis Grill & Bar Restaurant","+ 91  80 42352526","No.1135, 100 Feet Road, 12th & 13th Main, HAL 2nd Stage Indiranagar, Bangalore - 560038, Opposite To Axis Bank"
"Kudla Restaurant","+ 91  80 65584050","No.16 Ramanashree Hotel, Raja Ram Mohan Roy Road, Richmond Road, Bangalore - 560025"
"3 Monkeys Brew Pub","+ 91  80 66909999","No.6, Gopalan Signature Tower, Nagavarapalya, C V Raman Nagar, Old Madras Road, Bangalore - 560038"
"Bhagini Iris Restaurant","+ 91  80 33563177","No 8/1, Varthur Main Road,Siddapura, Whitefield, Bangalore - 560066, Near D Mart"
"Nandini Deluxe Bar And Restaurant","+ 91  80 32716000","No 11, Horamavu Ring Road, Banaswadi, Bangalore - 560043, Near Bhagini Restaurant"
"Copper Chimney","+ 91  80 67266455","Unit No. F-15, 1st Floor, Phoenix Marketcity, Whitefield Road, Mahadevapura, Bangalore - 560048, Beside Bata Showroom"
"Gillys Restobar","+ 91  80 39591170","No.91, Jyothi Nivas College Road, Koramangala 5th Block, Bangalore - 560034"
"New Prashanth Hotel","","No.215, 2nd Main Road, 2nd Block, 2nd Cross, Thyagaraj Nagar, Bangalore - 560070"
"The Kabab Room At Vapour","+ 91  80 49422313","No.773, 100 Feet Road, Indiranagar, Bangalore - 560008, Near Axis Bank"
"The Berrys Restaurant","+ 91  80 30145365","No 82/4, Sarjapur Main Road, Doddakannelli, Bangalore - 560035, Next To Wipro Corporate Office"
"What The F","+ 91  80 44443333","No.2, 3rd Floor, Manandi Plaza, St Marks Road, Bangalore - 560001, Next St Marks Hotel"
"The Grill House Restaurant","+ 91  80 40977011","No.8/6, Kensington Point, Gurudwara, Ulsoor Road, Bangalore - 560008, Near Ulsoor Lake"
"Bageecha Multicuisine Family R...","+ 91  80 33058322","No.42/3, Whitefield Road, Marathahalli, Bangalore - 560037, After Marathahalli Bridge"
"Suvee Boutique Hotel","+ 91  80 33292758","No.304, 100 Feet Ring Road,4th Phase,7th Block, Banashankari 3rd Stage, Bangalore - 560085, Near Devegowda Petrol Bunk,Next Sony Centre"
"1522 The pub","+ 91  9880330022","No.3, 80 Feet Road, ST Bed, Koramangala 4th Block, Bangalore - 560034, Above Swathi Maharaja"
"Caperberry Restaurant","+ 91  9845177162","No.203, 2nd Floor, U B City, Vittal Mallya Road, Bangalore - 560001"
"Nimisserie","+ 91  80 40988989","120, Ashok Nagar, Brigade Road, Bangalore - 560025, Off Wood Street"
"Ice (Vivanta By Taj Hotel)","+ 91  80 66604444","C/O Vivanta By Taj Hotel, No.41/3, Lobby Level, Trinity Circle, M G Road, Bangalore - 560001"
"Guru Garden Family Restaurant","+ 91  80 26583972","No.555, Arekere Gate, Bannerghatta Road, Bangalore - 560076, Near Reliance Mart Signal"
"Teppan Japanese Grill And Sush...","+ 91  80 32569029","Old No.12, New No.1, Ulsoor Road, Bangalore - 560008, Near Manipal Centre, Opposite to Citrix"
"Mayuri Family Restaurant","+ 91  80 23416500","No.106,Cauveri Complex, New Bel Road, Raj Mahal Vilas 2nd Stage, Bangalore - 560094, Near Isro Corner"
"Plan B Restaurant","+ 91  80 41136120","13, Rhenius Street, Bangalore - 560025, Opposite Hockey Stadium, Shanti Naga"
"Pingara Grand Multicuisine Fam...","+ 91  80 33673962","No.2728/1, E Block, Kodigehalli Signal, New Airport Road, Sahakara Nagar, Bangalore - 560092, Near Swathi Garden Restaurant"
"Harima Restaurant","+ 91  80 41325757","No.131,4th Floor, Devatha Plaza, Residency Road, Bangalore - 560025, Opposite To Bishop Cotton Boys School"
"New Inchara Family Restaurant","+ 91  80 33293075","No., Bellary Road, New International Airport Road, Yelahanka, Bangalore - 560064, Opposite Jakkur Aerodrome And Next H P Petrol Bunk"
"Happy Brew","+ 91  80 40937001","No 40, 4th B Cross, Koramangala 5th Block, Bangalore - 560034, Parallel Road To Jyothinivas College"
"Puma Social Club","+ 91  80 41227648","No.777/H, Hal 2nd Stage,100 Feet Road, Indiranagar, Bangalore - 560038, Above Puma Showroom.Opposite New Horizon School"
"Vindu Andhra Ruchulu","+ 91  80 22442527","No.310,2nd Floor, 9th Main,39th Cross, Jayanagar 5th Block, Bangalore - 560041, Above Indusind Bank"
"Via Milano","+ 91  80 41309997","1st Cross, 1st Block, Jakkasandra, Bangalore - 560034, Near Jakkasandra Bus Stop"
"Punjabi Times","+ 91  80 41214121","No.24, 25 & 26, 414/80/2, Outer Ring Road, Bellandur, Bangalore - 560103, Above Icici Bank"
"Square Plate","+ 91  9742201125","No.30/2, 1st Floor, Magadi Main Road-Vijaynagar, Bangalore - 560040, Above Matha Borewell, Near Raheja Apartment"
"Liber Restro Bar","+ 91  9743119596","No.768, Sri Krishna Mansion, 100feet Road, 12th Main, HAL 2nd Stage, Indiranagar, Bangalore - 560008, Near Sony Center"
"Rewind Pub","+ 91  80 41267886","No.315, 4th Floor, 7th Main, 2nd Block, Hrbr Layout, Kalyan Nagar, Bangalore - 560043, Above Sony Unilet"
"Hotel Fishland","+ 91  80 22258080","Sujatha Complex,1st Floor, 1st Main Road, Gandhi Nagar, Bangalore - 560009, Opposite IDBI Bank"
"Windsor Pub","+ 91  80 22258847","No.7, Kodava Samaja Building, 1st Main Road, Vasanth Nagar, Bangalore - 560001, Next To Canara Bank And Kodava Samaja"
"Smaaash","+ 91  9886995090","2nd & 3rd Floor, 1 MG Mall, M G Road, Bangalore - 560001, Opposite Vivanta By Taj"
"Mish mash","+ 91  80 22580091","No.2321, 17th Cross, HSR Layout Sector 1, Bangalore - 560102, Near NIFT College"
"La Casa","+ 91  80 42172469","No 1, Hosa Road,Kasavanahalli Main Road, Sarjapur Road, Bangalore - 560034, Opposite Aishwarya Mart,Near Lake Shore Home"
"100 feet Bbq Lounge","+ 91  80 45123999","De- Oriell, 45, 17th main, 100 feet road, Koramangala, Bangalore - 560034, Opp to Malabar Jewellers"
"Parivar The Multi Cuisine Fami...","+ 91  80 26635575","No.150/A, 11th Main Road,4th Block, Jayanagar, Bangalore - 560011, Opposite Kala Mandir"
"Bhagini Park","+ 91  80 41266066","No.14, Broke Bond Road, Whitefield Main Road, Bangalore - 560066, Near Food World & Forum Mall, Opposite To Hlrc"
"Soho","+ 91  80 41609443","C/O 31 South Park Hotel, No.198, 2nd & 3rd Floor, Gandhi Bazar Main Road, Basavanagudi, Bangalore - 560004, Beside Adayar Anandhbhavan Restaurant"
"Sherlocks Pub","+ 91  80 40917221",""
"Firangi Paani Pub","+ 91  80 22067831","2nd Floor, The Forum Mall, Koramangala, Bangalore - 560095"
"Firehouse Bar & Kitchen","+ 91  80 41502444","No.5bc-310, Siri Complex, 3rd Block, HRBR Layout, Bangalore - 560043, Next To Pizza Hut"
"Bubbles Bite","+ 91  80 23418666","No.259, Sanjay Nagar, Bangalore - 560094, Near Indian Oil Petrol Bunk, Opposite To Pai Mobile"
"Mug Shot","+ 91  80 23512444","No.88, 80Feet Road, Rmv Extension 2nd Stage, Bangalore - 560094, Opposite To Ramaiah Hospital"
"Cibo Esca","+ 91  9886919942","No 92, 1st Main Road, Chandra Layout, Vijayanagar, Bangalore - 560040, Next To HP Petrol Bunk, Above Marrybrown & Greentrends"
"Nizams Paradise","+ 91  80 67232400","No. 1085, 18th Cross, 14th Main, HSR Layout, Bangalore - 560102, Near Bda Complex, Opposite MC Donalds"
"Guru Greens Family Restaurant","+ 91  9845055553","No.97/2, Gottigere, Bannerghatta Road, Bangalore - 560076, Opposite To Food World"
"Rim Naam Restaurant (The Obero...","+ 91  80 25585858","No.37/39, C/O The Oberoi Hotel, M G Road, Bangalore - 560001, Opposite Kids Kemp"
"Bak Bak Bar","+ 91  8792000392","No.23, 4th Floor, Indraprastha Equinox, 100 Feet Inner Ring Road, Ejipura, Koramangala, Bangalore - 560034, Near Sony Signal"
"Zodiac Restaurant","+ 91  80 39884422","No.49,Fortune Select Jp Cosmos, Cunningham Road, Bangalore - 560051, Behind Sigma Mall"
"Serafina","+ 91  80 25523350","Plot No 752, 80 Feet Road, Koramangala 4th Block, Bangalore - 560034, Opposite SBI Bank"
"Purvi Multicuisine Family Rest...","+ 91  9880346633","No.53/1, 2 & 3, Old Madras Road, Virgonagar Post, K R Puram, Bhattarahalli, Bangalore - 560049, Near Lake Main Road"
"Take 5 Lounge Bar","+ 91  80 65300645","No 54, 2nd Floor, Msk Plaza, 100 Feet Road, Indiranagar, Bangalore - 560038, Above Coffee Day Opp To California Pizza"
"Tippler On The Roof","+ 91  9972002106","Shop No 276, 100 Feet Road, Indiranagar, Bangalore - 560038, Above Girias Showroom"
"Sarayu Fine Dine Restaurant","+ 91  80 23592359","No 46, 10th Cross, West Of Chords Road, Rajajinagar 2nd Stage, Rajajinagar, Bangalore - 560010, Near By Rajajinagar Metro Station"
"Toscano Restaurant","+ 91  80 46524050","V R Mall, Shop No.5, 3rd Floor, Mahadevapura, Bangalore - 560048"
"Harrys Bar & Cafe","+ 91  80 41468080","No 1, Sjr Primus, 1st Floor, Koramangala, Bangalore - 560034, Next To Raheja Arcade Signal, Opposite To Formal Mall"
"Satya Family Bar & Restaurant","+ 91  80 41317571","No.147/D, 8th Main, 3rd Block, Koramangala, Bangalore - 560034, Near Bda Complex"
"Spice Curry Restaurant","+ 91  80 25211188","No.34/1,Girija Mansion, 80 Feet Road, Indiranagar, Bangalore - 560038, Near Sapna Book Store"
"Ramanashree Brunton Restaurant","+ 91  80 46659000","No.2/1, Brunton Road, M G Road, Bangalore - 560001, Opposite To Old Passport Office"
"BluO","+ 91  80 49653377","2nd Floor, Phoenix Market City, Whitefield Mian Road, Mahadevapura, Bangalore - 560048"
"Kudla Restaurant","+ 91  80 28478811","No.198, Bb Enclave, New Airport Road, Hunasamarana Halli, Bangalore - 562157, Above Cafe Coffee Day, Jala Hobli"
"Jimis Beer Cafe","+ 91  9980044552","No.1081, 12th Main,2nd Stage, Indiranagar, Bangalore - 560038, Near Sony Center Signal"
"Venus Bar And Restaurant","+ 91  80 33294598","No 45/4, Tumkur Road, Yeshwanthpur, Bangalore - 560022, Near Apmc Yard"
"Mother Cluckers Bar","+ 91  80 41609100","12th Main, Indiranagar, Bangalore - 560008, Near Golds Gym"
"Navami Family Restaurant","+ 91  80 22443499","No.488/108, East End Main Road, Jayanagar 9th Block, Bangalore - 560069, Opposite To Thirumala Bar"
"Red Fork","+ 91  80 41154372","No 584, 12th Main, Hal 2nd Stage, Indiranagar, Bangalore - 560038, Near Indiranagar Club"
"I & Monkey","+ 91  80 40923656","No.968, 12th Main, Hal 2nd Stage, Indiranagar, Bangalore - 560038, Near Sony Centre"
"Black Jack Restaurant","+ 91  80 41129418","No 118, New Bel Road, Ags Layout, Sanjay Nagar, Bangalore - 560094, Next To KFC"
"Pecos","+ 91  80 41481574","No.303, Namma Metro Pillar 62, 100 Feet Road, Indiranagar, Bangalore - 560008"
"Fort Kochi","+ 91  80 22086666","No.351, 5th Floor, One Mg Road Mall, Trinity Circle, M G Road, Bangalore - 560001"
"Juke Box Retro Pub","+ 91  80 41216430","No.359, 1st Main Road, Koramangala, Bangalore - 560095, Near Apollo Pharmacy"
"Harrys Bar & Cafe","+ 91  80 41113500","No. 2006, 1st Floor, 100 Feet Main Road, HAL 2nd Stage Indiranagar, Bangalore - 560038, Next To Vodafone Store, Above Copocimini restaurant"
"Canton Bar And Restaurant","",""
"Bhagini Pavilion","+ 91  80 32563331","No.58, Singhayakanahalli,Doddaballapur Main Road, Yelahanka, Bangalore - 560064, Near BMST College"
"Davis Bar And Restaurant","+ 91  80 25484555","Oil Mill Road Corner, Kammanahalli, Bangalore - 560084"
"The Studio Bar II","+ 91  80 67294080","No 132, 3rd Floor, Elements Mall, 100 Feet Road, Thanisandra Main Road, Nagawara, Bangalore - 560045, elements mall 3rd floor"
"Shalimar Deluxe Family Restaurant","+ 91  80 25251328","No.322/3, C M H Road, Indiranagar, Bangalore - 560038"
"The Nesara","+ 91  80 28397822","No.4/4a, Hesaraghatta Main Road,Chikkasandra, Chikbanavara, Bangalore - 560090, Next To Nrr Hospital"
"La Casa","+ 91  80 42084201","George Court, Outer Ring Road,Hrbr Layout,2nd Block, Kalyan Nagar, Bangalore - 560043, Near Girias Showroom"
"Noodle Bar","+ 91  80 67266466","1st Floor,Phoenix Marketcity, Whitefield Road, Mahadevapura, Bangalore - 560048, Opposite Wrangler"
"Maya International","+ 91  80 25594365","No 52/1, Church Street, Bangalore - 560001, Off Brigade Road"
"Tandoor Hut","+ 91  80 33762441","Ranka Villa A1, Bilekahalli, Bannerghatta Road, Bangalore - 560076, Opposite To Ranka Colony"
"Easy Tiger Bar & Cafe","+ 91  80 25550707","No 1/A, Chruch Street, M G Road, Bangalore - 560001"
"The Brew And Barbeque","+ 91  9900093849","36/4, 4th Floor, Soul Space Arena, Outer Ring Road, Marathahalli, Bangalore - 560037, Doddanekkundi Village"
"Salt Restaurant Bar & Grill","+ 91  80 46524242","3rd Floor, VR Mall, Mahadevapura, Bangalore - 560048"
"Swathi Deluxe","+ 91  80 42255577","No.84/1, Gopal Reddy Building, Kadubeesanahalli, Panathur Post, Bangalore - 560103, Panathur Main Road"
"The Hub - Hotel Ramada Encore","+ 91  80 61344853","Ramada Encore Bangalore Domlur, 282-285, Amarajyothi Layout, Domlur 1st Stage, Bangalore, Domlur, Bangalore - 560071"
"Melange Hotel Ekaa","+ 91  80 49343499","No.52, Hosur Main Road, Kudlu Gate, Hosur Road, Bangalore - 560068, Near Kudlu Bus Stop"
"The Terrace At Windmills Craft...","+ 91  8880233322","No.331, Road 5b, Epip Zone, Whitefield, Bangalore - 560067, Next To Ktpo"
"The Park East 01","+ 91  80 22206777","1/1, kumara krupa rd, Kumara Krupa Road, Bangalore - 560001, shivananda stores"
"Parika Restaurant","+ 91  9686198149","No.198, Bb Enclave, Hunasemaranahalli, Jala Hobli, Bangalore International Airport, Bangalore - 560300, Above Cafe Coffee Day, Near Viva Toyato Showroom"
"The Big Kahuna","+ 91  80 22682037",""
"Wareabouts Grill and Lounge","+ 91  80 25222000","No.90/1b, 3rd & 4th Floor, Kings Cross Building, Marathahalli, Bangalore - 560037, Near Innovative Multiplex"
"Dolphins Bar & Restaurant","+ 91  80 25914880","No. 131/2, Wheelers Road, Cox Town, Bangalore - 560005, near fly over"
"Bhagini Deluxe Family Restaurant","+ 91  80 32415666","No 3, Ashwathnagar, Marathahalli, Bangalore - 560037, Near Marathahalli Bridge"
"Blue Alps Restaurant (Clarks E...","+ 91  80 71777000","C/O Clarks Exotica Resort & Spa, Cva Building, Devanahalli, Bangalore - 562110, Swiss Town, Hollywood Junction, Sadahalli Post"
"Bangalore Bistro","+ 91  80 22201616","No.37/2, Cunningham Road, Bangalore - 560052, Opposite Sigma Mall,Near Fortis Hospital"
"Royal Afghan (ITC Windsor Hotel)","+ 91  80 22269898","C/O ITC Windsor Hotel, Windsor Square, No.25, Golf Course Road, Sankey Road, Bangalore - 560020"
"Dakshin (ITC Windsor Hotel)","+ 91  80 22269898","C/O ITC Windsor Hotel, Windsor Square, No.25, Golf Course Road, Sankey Road, Bangalore - 560020"
"Bhagini Restaurant","+ 91  80 33054018","No 1253, Outer Ring Road, Banaswadi, Bangalore - 560043, Near To Horamavu Signal"
"Hotel Bharani Residency","+ 91  80 29765100","No 396/48, Huskur Gate,Hosur Main Road, Electronic City Phase 1, Bangalore - 560100, Opposite Vimalaya Hospital,Near Biocon"
"Stones PUB","+ 91  80 41481573","No.303, 1st Floor, Ashoka Tower, 1st Stage,5th Main ,100feet Road ,, Indiranagar, Bangalore - 560038, Next To Dominos Pizza"
"Jimis","+ 91  9980044552","Garuda Mall, 5th Floor, Magrath Road, Bangalore - 560025"
"Jamavar (The Leela Palace)","+ 91  80 30571344","C/O The Leela Palace, No.23, Old Airport Road, Kodihalli, Bangalore - 560017, Opposite Manipal Hospital"
"Harrys Bar & Cafe","+ 91  80 49626665","Phoenix Market City Mall, No.S-10, Level 2, Mahadevapura, Bangalore - 560048"
"Sabarwal Bar & Restaurant","+ 91  80 22236894","No.45/1, 11th cross, Wilson Garden, Bangalore - 560027, Near Janatha Hotel"
"Chez Nous ( Novotel Bengaluru ...","+ 91  80 61344806","C/O Novotel Bengaluru Techpark, Sarjapur Outer Ring, Marathahalli, Bangalore - 560037, Opposite To Rmz Ecospace Business Park"
"Grigliato Restaurant","+ 91  80 25726660","No.1562, Hsr Layout 1 Sector Ring Rd Agara, HSR Layout, Bangalore - 560102, Near Mantri Sarovar"
"The Platter Restaurant & Lounge","+ 91  9611174747","#10, 30th Main, College Teachers Layout, Banashankari 3rd Stage, Bangalore - 560085, Opposite To Kims Hostel"
"The Nagarjuna Nakshatra","+ 91  80 64506666","No.195, 2nd floor, Double Road, Indiranagar, Bangalore - 560038, opp. hdfc bank /cauvery school"
"Gandharva Family Restaurant","+ 91  80 26631181","No 38/H-22, South End Road, Basavanagudi, Bangalore - 560004, Nxt To Canara Bank"
"Jugs Pub","+ 91  9886681777","No.52,Ground Floor, 60feet Road,6th Block, Koramangala, Bangalore - 560095, Opposite Filling Station"
"Nikkis Pub And Restaurant","+ 91  80 23612931","No.5/B, Rmv Extension,10th Cross, Sadashivanagar, Bangalore - 560080, Opposite Cpri"
"Sherlocks Pub","+ 91  8880300600","No.19, 2nd Floor, Krishna Senate, Outer Ring Road, Marathahalli, Bangalore - 560037, Next To Canara Bank"
"Blistaring Barnacles","+ 91  80 42106712","No.36/1, Marathahalli Ring Road, Kadubeesanahalli, Bangalore - 560087, Opposite To JP Morgan"
"Nakshatra Fine Dine Restaurant","+ 91  80 26584422","No.135/14, 15th Cross, 3rd Phase, Jp Nagar, Bangalore - 560078, Near Shekar Netralaya"
"Hype (Shangri La Hotel)","+ 91  80 45126460","C/O Shangri La Hotel, Palace Road, Bangalore - 560001, Next To French Consitel"
"Punjabi By Nature","+ 91  80 46907777","No 4031, Feather Light Vengage, HAL 2nd Stage, Indiranagar, Bangalore - 560038, Near Domlur Flyover"
"Samudra Bar & Restaurant","+ 91  80 23565883","No.12, Nagappa Street, Seshadripuram, Bangalore - 560020, Near Sheshadripuram College"
"Dishoom","+ 91  80 40940962","No.541/543, 4th Floor, Amarjyothi HBCS Layout, Koramangala Intermediate Ring Road, Domlur, Bangalore - 560071, Opposite To Dell Company"
"Jive Pub","+ 91  80 41110299","No.68/1, Double Road, Indiranagar, Bangalore - 560038, Opposite To Nethradhama Eye Hospital, Near Esi Hospital Signal"
"Confident Propus","+ 91  80 66177777","No.7, Langford Town, Langford Town, Bangalore - 560025, Hosur Main Road"
"Alampur Bar & Restaurant","+ 91  80 22256578","No.44, Chalukya Hotel Premises, hotel chalukya complex, Race Course Road, Bangalore - 560001, Opposite To R C College"
"Madras Masala Family Restaurant","+ 91  80 65781234","No.601, 1st Main, Aecs Layout, Kundalahalli, Bangalore - 560037, Near Cosmos Mall"
"La Gardenia","+ 91  80 40333111","No.40/2, Lavelle Road, Lavelle Road, Bangalore - 560001, Next To Mandovi Motors"
"Nandini Bar And Restaurant","+ 91  9535587641","Hessarghatta Main Road, Lakshmipuram Cross, Vidyaranyapura, Bangalore - 560097"
"Roots Restaurant","+ 91  80 41711119","43/A, 1st Main, Jakkasandra Road, Wipro Signal, Koramangala 1st Block, Bangalore - 560034, Behind Wipro Park"
"The Peoples Pub","+ 91  7795232584","#457, Sri Krishna Temple Road, Indiranagar, Bangalore - 560038, Near to Imperial"
"Beach Restaurant","+ 91  9902331111","No.1211, 100 Ft Rd, Indiranagar, Bangalore - 560038, Opp To Reebok Showroom,Hal 2nd STG"
"MJS Restobar","+ 91  9916291387","No.5, 4th Floor, C/o Sri Kirshan International Hotel, 3rd Stage, 4th Block, Havanoor Circle, Basaveshwara Nagar, Bangalore - 560079"
"Spiritz Bar And Restaurant","+ 91  80 41151555","No.122/B,Balu Arcade, Jyothi Nivas College Road, Koramangala 5th Block, Bangalore - 560034, Opposite To Empire Restaurant"
"Brigade Gardens Bar & Restaurant","+ 91  80 41539856","No.43/1 , Brigade Road ,, Brigade Road, Bangalore - 560001, Opposite To 5th Avenue , Near Bata Shop"
"The Big Kahunu","+ 91  80 67266237","No S 20 23 A 24 & 24a 2nd Floor Phoenix Marketcity Mall, Whitefield Road, Mahadevapura, Bangalore - 560048"
"The United Sports Bar And Grill","+ 91  80 67266661","Ground Floor, Ug 9, Phoenix Market City Mall, Whitefield Road, Mahadevapura, Bangalore - 560048, Opposite To Bbmp Office"
"Beer House","+ 91  80 25201236","100 Feet Main Road, Indiranagar, Bangalore - 560038, Above Peter England Showroom"
"Mafia Pub And High Lounge","+ 91  9538912332","No 85,Jaaji Building,C/O Bhagas, 80 Feet Road, Sanjay Nagar, Bangalore - 560094, Opposite Karanataka Bank ATM And HDFC Bank"
"Oasis Bar And Restaurants","+ 91  8861103560","No.3, Neeladri Nagar Doddatogur Post, Electronic City Phase 1, Bangalore - 560100, Near Punjab National Bank"
"Tamrind Paradise","+ 91  80 40973777","No. 68/1, Double Road, Appareddy Palya, Indiranagar, Bangalore - 560008, Opposite International Pass Port Office"
"Mayuri Restaurant","+ 91  80 33674948","No.628, Ramamurthy Nagar Main Road, Ramamurthy Nagar, Bangalore - 560016, Opposite Tata Steel Stock yard"
"Moksha","+ 91  80 33294647","No 67, Kanakapura Road, Jp Nagar, Bangalore - 560078, Opposite To India Oil Bunk"
"Nandhana Grand","+ 91  80 41858299","No.52, 5th Crs, 6th Blk, 60 Ft Rd, Koramangala 6th Block, Bangalore - 560095"
"Kuteera park land restaurant","+ 91  9036000760","No 61, Outer Ring Road Mariyappa playa, Kengeri Satelite Town, Bangalore - 560060, next to Indian oil petrol bunk"
"House Of Commons","+ 91  9620440681","122/B, Jyothi Nivas Road, Koramangala 5th Block, Bangalore - 560034"
"Loveshack And Tandoori Hippie","+ 91  80 40952859","No.541-543,4th Floor, Amarjyothi Layout,Koramangala Intermediate Ring Rd, Domlur, Bangalore - 560071, Opposite Dell, Above Mother Earth Store"
"Mehandi Bar & Restaurant","+ 91  9945691717",""
"Bhagini Grand Restaurant","","Pulusmarenahalli, International Airport Road, Devanahalli, Bangalore - 562110, Opposite Government School"
"Cirrus Restobar","+ 91  80 41524067","No.765, 5th Floor, Indiranagar, Bangalore - 560038, Near Sony Service Station"
"Sangria Wine Lounge","+ 91  9986667679","No 201,2nd Floor, New Bel Road, Bangalore - 560054, Opposite HP Petrol Bunk,Above Sony Showroom"
"Roti park","+ 91  8792362689","Gnana Bharathi Main Road, Nagarbhavi, Bangalore - 560072, Opposite to Corporation Bank"
"Mayuri Bar and Restaurant","+ 91  9036366029","Poornima Complex, Whitefield Main Road, Bangalore - 560066, Opposite Mayura Sweets And Bakery"
"Mighty Small","+ 91  80 25066900","2nd Floor, 1 MG Mall, M G Road, Bangalore - 560001, Trinity Circle"
"Cheff Inn Regency","+ 91  80 25358393","4,Ring Road, Intermediate ring road, Domlur Layout, Bangalore - 560071, opp Gangaram Book Store"
"Koli Mane","","No. 108/9, Wedia Road, Attiguppe Road, Chandra Layout, Bangalore - 560040"
"Inchara Multicuisine Restauran...","+ 91  80 22449961","No 22/1, Krishna Building, Puttanahalli Main Road, Jp Nagar 6th Phase, Bangalore - 560078"
"Pavilion A Family Restaurant","+ 91  80 23379200","No.359, 1st Cross, HMT Main Rd, Gokul 1st Stage, Mathikere, Bangalore - 560054, Opposite to Reliance Fresh"
"Navami Bar And Restaurant","+ 91  9108882464","No.488/108, East End Road, Jayanagar 9th Block, Bangalore - 560069, Near Jayadeva Hospital"
"Tejaswini Bar And Restaurant","+ 91  9900265778","Nanjappa Complex, Rabhuvanahalli, Kanakapura Road, Bangalore - 560062, Next To Ksitc College"
"Naati Mane","+ 91  80 60122239","Kaggadasapura Main Road, C V Raman Nagar, Bangalore - 560093, Opposite New Tandoor Restaurant,Near Cair"
"Sun Pub & Restaurant","+ 91  9480421981","Shakthi Hill Resorts, Beml Layout, Rajarajeshwari Nagar, Bangalore - 560098, Off Mysore Road"
"Mynt (The Taj West End Hotel)","+ 91  80 66605660","C/O The Taj West End Hotel, No. 55, Lobby Level, Race Course Road, Bangalore - 560001, Opposite Turf Club"
"Royal Garden","+ 91  80 65476163","No.12, SBR Complex, Badrappa Layout, Bangalore - 560094, Near Big Bazaar"
"Aishwarya Bar And Restaurant","+ 91  9535454219","No.1313/41, Devasandra Main Road, Krishnarajapuram, Bangalore - 560036, Near Ganesha Temple"
"Thirumala Bar & Restaurant","+ 91  80 23301597","No 1070/E, 5th Block, West Of Chord Road, Rajajinagar, Bangalore - 560010"
"The Grill House","+ 91  9379944503","No 43, 7th Main, Indiranagar, Bangalore - 560008, Beside Esi Hospital Or near Ambedkar college"
"Mojo Pubs & Hotel Ltd","+ 91  80 41142038","No.189/1, Brigade Road, Bangalore - 560001, Opposite To Metro Shoes"
"37 China Town","+ 91  80 40373737","C/O Hotel 37th Cresent, Crescent Road, Race Course Road, Bangalore - 560001, Opposite Mallige Nursing Home"
"Chinese Hut Restaurant","+ 91  9844156109","Flat No.4105 & 4106, High Point 4, Palace Road, Bangalore - 560001, Next To Chalukya Hotel"
"Cilantro","+ 91  80 41102200","No.4708, No.9 Halcyon Condominiums, Drafadilla Layout, 4th Block, 1st Cross, Koramangala, Bangalore - 560034, Near Sony Centre"
"Formula One Bar","+ 91  80 23331321","C/O Jayamahal Palace, No.1, Jayamahal, Bangalore - 560046"
"Fusion Wines","+ 91  80 65391122","No.172, 2nd Main, Kasturi Nagar, Bangalore - 560043, Near Kasthuri Bakery"
"Rajdhani Bar & Restaurant","+ 91  80 41149259","No.66, 1st Floor, Subedar Chatram Road, Gandhi Nagar, Bangalore - 560009, Opposite To Movie Land Theatre"
"Masalaa Fusion","+ 91  80 67080215","3rd Floor, Royal Meenakshi Mall, Bannerghatta Road, Bangalore - 560076"
"Port Of Pavilion Restaurant","+ 91  80 22205831","1st Floor, Sujatha Complex, Kalidas Road, Gandhi Nagar, Bangalore - 560009"
"Callista Bar And Kitchen","+ 91  9741216529","No.38/3, Outer Ring Road, Marathahalli, Bangalore - 560037, Opposite EMC Square"
"Cafe Noir","+ 91  80 67266099","No 36, Ground Floor, Phoenix Market City Mall, Whitefield Road, Mahadevapura, Bangalore - 560048, Near K R Puram Flyover, Opposite To BBMP Office"
"Tango Calypso","+ 91  80 33100707",""
"Aqua Restaurant (The Park Hotel)","+ 91  80 25594666","C/O The Park Hotel, No.14/7, Lobby Level, M G Road, Bangalore - 560001"
"Sky lit","+ 91  80 45390000","C/O Citrus Hotels, Cunningham Road, Bangalore - 560052, Opposite To Pristage Center Point"
"Daawat Restaurant","+ 91  80 40952747","No.340, Maruthi Plaza,1st Floor, 1st B Main Road, Koramangala 7th Block, Bangalore - 560095, Opposite HDFC Bank"
"Tadka Restaurant","","Bda Complex, 2nd Floor, Jayanagar 4th Block, Bangalore - 560011"
"Bon Appetit Restaurant","+ 91  80 42646465","Royal Tranquility, Classic Royal Garden, Hennur Ring Road, Kalyan Nagar, Bangalore - 560043"
"Fiat Caffe Car O Bar","+ 91  80 65684444","No.92/93, Amar Jyothi Layout, Koramangala Intermediate Ring Road, Domlur, Bangalore - 560071, Next To HDFC Bank"
"Linnet Bar & Restaurant","+ 91  80 23384163","1st Main, 8th Cross, Shivanagar, Rajajinagar, Bangalore - 560010, Opp to"
"Vindu Andra Ruchulu","+ 91  9900007666","310, 9 th main 39 th crs, Jayanagar, Bangalore - 560011"
"Zengi Pub & Restaurant","+ 91  80 41227111","No.807/A, 3rd Floor, 7th Cross, Btm Layout 2nd Stage, Bangalore - 560076, Opposite To ING Vysya Bank, Above People Showroom"
"Green Park Family Bar & Restau...","","Tumkur Road, 8th Mile Circle, Bangalore - 560057"
"D J Bar & Restaurant","+ 91  80 41273666","No.106/6, Bb Road, Amruthahalli, Bangalore - 560064, Opposite To Swathi Garden Hotel, Next To Green Country Public School"
"Sangeetha Bar And Restaurant","+ 91  80 23461437","No.186/10, 1st And 2nd Floor, Veena Mansion, Sirur Park Road, Seshadripuram, Bangalore - 560020"
"Slv Ragigudda","+ 91  80 26658591","8th Main, 2nd Phase, Jp Nagar, Near Ragigudda Temple, Ragigudda,, Bangalore Bazaar, Bangalore - 560001"
"Jimis Restaurant","+ 91  80 25223828","No.90/3, 4th Floor, Sarjapur Outer Ring Road, Marathahalli, Bangalore - 560037, Opposite To Innovative Multiplex"
"Chimney Hills Bar & Restaurant","+ 91  80 39257375","No. 125, Acharya College Road, Chikbanavara, Bangalore - 560090, Near Krishna College"
"Ymia Roof Top Bar And Restaurant","+ 91  9035525390","No.5, Ulsoor Road, Assaye Road, Bangalore - 560042, Next To Body Craft"
"Green Family Bar & Restaurant","+ 91  9731894798","No. 106/4, Ground Floor, Neeladri Nagar, Electronic City, Bangalore - 560100, Adjacent To Himagiri Towers"
"Chinmayees Bar & Restaurant","+ 91  9900093062","No.42/4c, Anand Reddy Layout, 2nd Phase, Bts Depo Road, Electronic City, Bangalore - 560100, Beside TCS & Mahindra Satyam"
"Keys Cafe","+ 91  80 39189407","Hosur Road, Electronic City, Bangalore - 560100, Opposite To Live 100 Hospital"
"The Big Kahuna","+ 91  80 69990180","775, 1st Floor, 100 Feet Road, Indiranagar, Bangalore - 560038, Above Ginger Tiger"
"Page 3 Bar & Restaurant","+ 91  80 25597766","No.89/91, Fm Cariappa Road, Residency Road, Bangalore - 560025, Near imperial"
"Hotel New Karavali","+ 91  9480068830","No 726/1, 80feet Road Subbanapalya, Banaswadi, Bangalore - 560043, Near HP Petrol Pump"
"Talk Of The Town","+ 91  80 22260336","No.10, 2nd Cross, 5th Main Road, S C Road, Gandhi Nagar, Bangalore - 560009, Opposite Gubbi Veeranna Drama Theatre"
"Sapthagiri Bar & Restaurant","",""
"Terracotta (Vivanta By Taj Hotel)","+ 91  80 66933333","C/O Vivanta By Taj Hotel, Itpl Road, Whitefield, Bangalore - 560066"
"Edo Japanese Restaurant (ITC G...","+ 91  80 43459898","C/O ITC Gardenia Hotel, No.1, Residency Road, Bangalore - 560025, Near Mallya Hospital"
"Xplode Resto Bar","+ 91  80 42008484","No.70, Sarjapur Main Road, Kaikondrahalli, Bangalore - 560035, Next To Reliance Digital"
"Green Family Bar & Restaurant","+ 91  80 25966657","No.65/8, Sarjapura Main Road, Agara, Hsr Layout Sector 1, Bangalore - 560102, Next To Yamaha Showroom"
"Casablanca","+ 91  80 43484348","C/O The Pride Hotel, No 93, Richmond Road, Bangalore - 560025, Near Baldwin Girls High School"
"Sakhi Bar & Restaurant Ladies ...","+ 91  80 22374618","No 86, 1 & 2nd Floor, 5th Main Road, National Market, Gandhi Nagar, Bangalore - 560009, Near Tribuvn Theatre"
"Dublin (Itc Windsor Hotel)","+ 91  80 22269898","C/O ITC Windsor Hotel, Windsor Square, No 25, Golf Course Road, Sankey Road, Cunningham Road, Bangalore - 560052"
"Oval Bar","+ 91  9916375919","No.1, 3rd Floor, Mantri Square Mall, Sampige Road, Malleswaram, Bangalore - 560003"
"Navarang Restaurant","+ 91  8453436478","No 1, Kammnahalli Main Road, Kammanahalli, Bangalore - 560084, Next To Kanthi Sweets"
"Coastal Spice","+ 91  80 23420002","No.2/9, Abhimaani Vasathi Hotel, Ground Floor, Dr Rajkumar Road, Rajajinagar, Bangalore - 560010, Near Kanva Hospital"
"Greenland Family Bar & Restaurant","+ 91  80 23507253","12/19/60, 1st Main Road Mrc Road, Vijayanagar, Bangalore - 560040"
"The Local","+ 91  80 25505119","467, 1st Floor, 80 Feet Road, Koramangala 6th Block, Bangalore - 560095, Opposite BMTC Bus Depot"
"Shakthi Bar & Restaurant","+ 91  80 23330958","No.122/24, 5th Main Road, Ganganagar, R T Nagar, Bangalore - 560032, Near Vishal Medicals"
"Equinox ( DoubleTree Suites By...","+ 91  80 67656565","C/O Doubletree Suites By Hilton Bangalore, Iblur Gate, Outer Ring Road, Sarjapur Road, Bangalore - 560034, Near Mantri Flora"
"Aaranya Multi Cuisine Restaurant","+ 91  80 41108346","No. 462, Teachers Colony, HSR Layout, Bangalore - 560102, Near Central Silk Board"
"12th Main (Grand Mercure)","+ 91  80 45121638","5kora, 12th Main, 3rd Block, Koramangala, Bangalore - 560034"
"Opel The Lounge Bar","+ 91  80 42595959","C/O Hotel Krishinton, No. 993, M S Ramaiah Main Road, Mathikere, Bangalore - 560054, Near Iiscd Gate"
"Premier Inn Bangalore","+ 91  80 43488888","No 3-A 1, Brookfield Mn Rd, Mahadevapura, Bangalore - 560048, Opp IFB Campus"
"Tiger Trail (Royal Orchid Hotel)","+ 91  80 41783000","C/O Royal Orchid Hotel, Ground Floor, Lobby Level, Hal, Old Airport Road, Bangalore - 560017"
"Blue Wings Bar & Restaurant","+ 91  80 26609626","No.488, 7th Main, 50 Feet Road, Gavipuram Extension, Hanumantha Nagar, Bangalore - 560019, Near Kumara Swamy Temple"
"Masala Dani (The Paul Hotel)","+ 91  80 40477777","C/O The Paul Hotel, No.139/28, Intermediate Ring Road, Domlur Layout, Bangalore - 560071, Opposite To Embassy Golf Links"
"Gangothri Bar & Restaurant","+ 91  9886791111","Gangotri Circle, 1st Stage, Tavarekere Road, Btm Layout, Bangalore - 560076"
"Turquoise The Lounge Bar","+ 91  80 42456060","No.60,Hotel Saravathi, 13th Cross, 2nd Main, Jp Nagar, Bangalore - 560078, Near Shoppers Stop"
"Blue Terrain (Novotel Bengalur...","+ 91  80 66705000","Novotel Bengaluru Techpark, Outer Ring Road, Bellandur, Bangalore - 560103, Opposite Rmz Ecospace Business Park"
"Republique","+ 91  80 65331212","253, 1st Floor, 5th Main, 17th Cross, Hsr Layout Sector 6, Bangalore - 560034, Star bazaar"
"Basmati","+ 91  9632125871","kadubeesenahalli, Kadubeesanahalli, Bangalore - 560087, Opp JP Morgan Presitage Tech Park"
"Upper Deck Restaurant","+ 91  80 26701494","C/O PAI Viceroy Hotel, 1st Cross, Thayappa Layout, Jc Road, Bangalore - 560002, Near To Minerva Circle, Next To Mayuri Restaurant"
"Blue Heaven Bar & Restaurant","+ 91  8748032765","Shop No 37, K G Circle ,Sc Road, Gandhi Nagar, Bangalore - 560009"
"Infinity Executive Bar & Grill...","+ 91  80 66657272","C/O The Zuri Hotel, 2nd Floor, No.244, Rajpalya, Hoodi, Itpl Road, Mahadevapura, Bangalore - 560048"
"Scottish PUB","+ 91  80 22228811","No.17/21, Vasavi Complex, St Marks Road, Bangalore - 560001, Opposite To State Bank Of India"
"Bar Code Restaurant","+ 91  80 41140234","No.4, 4th B Block,100 Feet Road, Koramangala 4th Block, Bangalore - 560034, before bda complex"
"Hoysala Bar & Restaurant","+ 91  80 23359278","No 1142/A C/O Hotel Madhu 3rd Floor, 20th Main Road,5th Block, Chord Road, Rajajinagar, Bangalore - 560010"
"Unwined Restaurant","+ 91  80 41678999","No.436, 2nd Block,Hrbr Layout,5th A Cross, Kalyan Nagar, Bangalore - 560043, Near Girias Showroom"
"Sudha Bar & restaurant","+ 91  8105740860","Whitefield Road, Mahadevapura, Bangalore - 560048, Opposite mahadevpura police station"
"Chilis Grill And Bar","+ 91  80 67266406","No.20-Ug, Phoenix Market City Mall, Mahadevpura , Whitefield Road, Mahadevapura, Bangalore - 560048"
"Pasha Bar & Grill (Holiday Inn...","+ 91  80 71544444","C/O Holiday Inn & Suites, Survey No.100/6, Hal Varthur Main Road, Siddapur, Whitefield, Bangalore - 560066, Next To Prestige Lake Vista"
"Uppercrust","+ 91  80 49079000","The Royal Comfort, 453/2/16, Jayanagar 4th Block, Bangalore - 560011, 27th Cross"
"Dhanalakshmi Bar and Family Re...","+ 91  7829154347","No. 33, Saraswathipuram, Nandhini Layout, Bangalore - 560096, Near Axis Bank Atm"
"Mustard And Cress","+ 91  80 28456565","No.153, Biere Street, Whitefield, Bangalore - 560066, Behind Forum Value Mall"
"Sagar Bar And Restaurant","+ 91  9845059043","No.48, S C Road, Gandhi Nagar, Bangalore - 560009, Opposite To Kapali Theatre"
"Prashanth Hotel","","No. 1/A, Dsi Road, Kumaraswamy Layout, Bangalore - 560078, Near Kadrinahalli Circle"
"E City Bar & Restaurant","+ 91  9448687713","No.47, Hosur Main Road, Singasandra, Bangalore - 560068, Near Manipal County Road"
"RR Bar & Restaurant","+ 91  9164317478","No 88,Katha No 157, Konappana Agrahara, Electronic City, Bangalore - 560100, Hosur Main Road"
"Hotel Tandoor","+ 91  8021497842","1, Hotel Tandoor, Bangalore City, Bangalore - 560002, R M Road"
"Greasy Spoon Bar & Kitchen","+ 91  9066957979","168, 3rd Floor, 7th Main, Koramangala 1st Block, Bangalore - 560034, Above Pingara Bar & Restaurant"
"Surabi family bar & restaurant","+ 91  9740361612","#852/753, Ramagondanahalli, Whitefield Main Road, Bangalore - 560066, Near sigma tech park"
"Kc Palace Club","+ 91  80 23339196","Palace Compound, Jaymahal Main Road, Jc Nagar, Bangalore - 560006"
"Casa Picola","+ 91  80 41209292","11th Main, 4th Block (Above Health & Glow), Jayanaga, Jayanagar, Bangalore - 560041"
"Night Booze Bar","+ 91  80 25283576","No.153, Beml Main Road, New Thippasandra, Bangalore - 560075"
"Brigade Fuel Bar & Restaurant","+ 91  80 25590666","No.33, Rest House Road, Brigade Road, Bangalore - 560001, Opposite Bank Of Maharashtra"
"LE Rock Pub","+ 91  80 41231001","No.3, Rest House Road, Bangalore - 560001, Off Brigade Road"
"Bharathi Refreshment","+ 91  80 22212585","No.803, H Siddiah Road, Wilson Garden, Bangalore - 560027, Opposite To Government Delivery Hospital"
"Sun Pub Bar & Restaurant","+ 91  8041307538","No 25, 9th Main Road,, Jayanagar 3rd Block,, Jayanagar East, Bangalore - 560069, Ajais Lab Studio,"
"Mookambika Bar And Restaurant","+ 91  80 25916888","No.73, Old Airport Road, Kodihalli, Bangalore - 560017, Next Manipal Hospital"
"Surabhi Multicuisine Restaurant","+ 91  80 40389009","No.39/28, 1st B Main, Pipeline Road, Vijayanagar, Bangalore - 560040"
"H3O","+ 91  80 25804466","No.83, St Thomas Town, Kammanahalli, Bangalore - 560084"
"Bhagas Bar And Restaurant","+ 91  9964669183","No.480, Old Madras Road, Bangalore - 560016, Opposite Fly Over, Near Union Bank And Tin Factory"
"Live Byte","+ 91  80 25405701","No 36/5, 4th Floor, Soul Space Arena Mall, Outer Ring Road, Doddanakundi, Marathahalli, Bangalore - 560037, Next To Akme Ballet"
"Green Park Restaurant","+ 91  9845558510","No.71/A, Kaikondrahalli, Sarjapur Road, Sarjapur Road, Bangalore - 560034, Near Peter School"
"Kadamba Bar and Restauurants","+ 91  8105792230","#27, 27th Cross, Banashankari 2nd Stage, Bangalore - 560070, Indian Overseas Bank"
"Mandara Bar and Restaurant","+ 91  9731820559","Saimega Plaza, 100Feet Ring Road, 3rd Phase, 2nd Block, Banashankari 3rd Stage, Bangalore - 560085"
"Sway","+ 91  8951023578","No.315, 5th Floor, 7th Main, 2nd Block, HRBR Layout, Kalyan Nagar, Bangalore - 560043"
"Ministry of Food(Hilton Bangal...","+ 91  80 66799999","C/O Hilton Bangalore Embassy Golf Links, Embassy Golf Links Business Park, Domlur, Bangalore - 560071, Near Dell Office"
"Royal South Restaurant","+ 91  80 27831414","No.4 And 5,Narayana Health City, Kithaganahalli,Bommasandra, Chandapura, Bangalore - 560081, Near Sparsh Hospital"
"New Karavali Bar & Restaurant","+ 91  80 23445183","No 2, Miller Corner Road, Malleswaram, Bangalore - 560003, Opposite To Sampige Theatre"
"Palette (Vivanta By Taj Hotel)","+ 91  80 66900111","C/O Vivanta By Taj Hotel, No. 2275, Frist Floor, Tumkur Road, Yeshwanthpur, Bangalore - 560022"
"Palms","+ 91  80 25547807","No.125, Brigade Road, Bangalore - 560025, Oppsite Brigade Towers"
"Coastal Express","+ 91  80 42671166","2/9, Dr Rajkumar Road, Bangalore - 560001, Rajaji Nagar"
"V S Garden Bar And Restaurant","+ 91  9945891937","No.91/62, Hoskote, Kanakapura Road, Bangalore - 560069, Near Ksrtc Bus Depot"
"Bhagini Deluxe","+ 91  9845649822","No 3, Ramanna Bldng, Marathahalli, Bangalore - 560037, Opp New Shanti Sagar Hotel"
"Chandan Bar & Restaurant","+ 91  80 28512120","No.1-S & No.73, Old Madras Road, Uday Nagar, Krishnarajapuram, Bangalore - 560036, Near Flyover & Udaya Nagar Entrance Arch"
"Sea Rock Bar & Restaurant","+ 91  9845395615","Hessarghatta Main Road, T Dasarahalli, Bangalore - 560057"
"Babumoshai","+ 91  80 26741018","970-32, ,50 Ft Rd,11th Mn, Raghavendra Blk, Sree Nagar, Bangalore Bazaar, Bangalore - 560001"
"Manjunath Bar And Restaurant","+ 91  9449238379","Manjunath, Main Road, Bangalore City, Bangalore - 560002, Bangaloree City"
"Noodle Bar Restaurant","+ 91  9341940356","No.92/9,, 80ft Rd,Kathriguppe Mn Rd, Banashankari,, Banashankari, Bangalore - 560050"
"Sunrise Hotel","+ 91  80 27745537","No.548, 8th Main, Peenya 3rd Phase, Rajgopalnagar, Peenya Industrial Area, Bangalore - 560058"
"Night Lovers","+ 91  80 41129964","M G Road, M G Road, Bangalore - 560001"
"G D Bar And Restaurant","+ 91  80 23306941","No.3, Gef Block, West Of Chord Road, Industrial Town, Rajajinagar, Bangalore - 560010, Opposite To National publicSchool"
"Chaitra Bar","","Renuka Complex, Doddaballapur, Bangalore - 561203, Near Railway Station"
"Ruh Restobar","","No 912, Ganapa Tower, 4th Floor, Outer Ring Road, Sarjapura Road, Bellandur, Bangalore - 560103"
"Manju Shree Bar And Restaurant","+ 91  9632349399","No.12/4b, 100 feet road, Thalaghattapura, Bangalore - 560062, near Shobha garden view"
"Hotel The New Casablanca","+ 91  9945600771","No.15, 1st Cross Bhuvanappa Layout,Taverekere Road, Koramangala, Bangalore - 560034, Opposite To Forum"
"The Chervil","+ 91  9742890444","11-12/49, 1st Floor, 14th Main, Puttenahalli Road, Kothnur Main Road, Jp Nagar, Bangalore - 560078, Beside Brigade Millenium"
"Tejaswini Bar & Restaurant","+ 91  9845045138","Bangalore"
"What The F","+ 91  80 44443333","No.2,3rd Floor, Manandi Plaza, St Marks Road, Bangalore - 560001, Next St Marks Hotel"
"M Four U Bar & Restaurant","+ 91  9916511883","No.131, Brigade Road, Bangalore - 560001, Opp To Vellara Junction"
"Cowboy Bar & Restaurant","+ 91  9880068138","No 83, Ashok Nagar, Brigade Road, Bangalore - 560025"
"Baywatch PUB","+ 91  9844132588","No 78 Residency Chambers 2nd Floor, Residency Road,Richmond Town, Richmond Town, Bangalore - 560025"
"Marry Brown","+ 91  80 45513555","50, Cambridge Layout, Near SAI Baba Temple, Brigade Road,, Brigade Road, Bangalore - 560001"
"Tango Retro Bar","+ 91  80 41116903","No.44, Tango Calypso Restaurants, Richmond Road, Bangalore - 560025, Opp To Sapphire Toys & Reliance"
"Relax Bar & Restaurant","+ 91  80 22229413","No.35/4, Bannerghatta Road, Adugodi, Bangalore - 560030, Opposite To Mico Back Gate"
"Noodle Bar Restaurant","","1st Floor, Lido Shopping Mall, Old Madras Road, Swami Vivekananda Road, Ulsoor, Bangalore - 560008"
"Casino Bar & Restaurant","+ 91  9448701251","No.36, 5th Main Road, Gandhi Nagar, Bangalore - 560009, opp tata consultancy services"
"Trinity Restaurant","","No.19/2, Kumara Krupa Road, Bangalore - 560001, Near Shivananda Circle"
"V S Garden Restaurant","+ 91  80 33055649","No.771, Ejipura, Bangalore - 560047, Near Vivek Nagar Police Station"
"Konian Bar & Restaurant","+ 91  80 25503033","No.4, Bhuvanappa Layout, Hosur Main Road, Bangalore - 560029, Opposite To Forum Mall"
"The Blue Spice","+ 91  80 41114501","No.3, 80ft Road,8th Block, Koramangala, Bangalore - 560095, Opp Ngv"
"Hotel Sagar","+ 91  9845017285","1, Hotel Sagar, Bangalore City, Bangalore - 560002, Central Market"
"Chat House","+ 91  80 41211983","19, 4th Block, Jayanagar, Jayanagar, Bangalore - 560041"
"Road Trip Restaurant","","No.3524/1, Service Road, 1st Main, Hal 2nd Stage, Indiranagar, Bangalore - 560038, Opposite To Subway Restaurant"
"Invitation Bar & Restaurant","+ 91  80 25529592","No.11, Ground Floor, Hosur Main Road, Madivala, Bangalore - 560068, Next To Enzen Software"
"Hotel Vandana Deluxe","+ 91  80 23620455","Near Larsen And Toubro Plant,Byatarayanapura, Bellary Road,, Bellary Road, Bangalore - 560006"
"Chameleon Restaurant","+ 91  8095896097","No 618, 3rd Floor, 12th Main, 100 Feet Road, Indiranagar, Bangalore - 560038, Above Chikoo"
"Rajdhani Restaurant","","1st Floor, Salarpuria Landmark, 100 Feet Road, Hal 2nd Stage, Indira Street, Bangalore - 560033"
"Zanzir Bar Pub","+ 91  9740054911","3rd Floor Total Mall Hosur Road, Madivala, Bangalore - 560068, Opposite Madivala Police Station"
"Sri Devi Bar & Restaurant","","No.34/1, Kammanahalli Main Road, Bangalore - 560033"
"Purushotham Bar And Restaurant","","Shop No. 211,, Pattegarapalya, 60 Ft Road,, Vijayanagar, Bangalore - 560040, Sampangi Layout"
"Silver Bowl","","No.58 And 59, Hsr Layout,12th Main, 17th Cross, HSR Layout, Bangalore - 560102, Near Bda Complex"
"Megdoot Bar & Restaurant","+ 91  9686122190","Triveni Road, Yeshwanthpur, Bangalore - 560022, Near Lakshmi Venkateshwara Kalyana Mantapa"
"Jalsa","+ 91  80 60014139","5th 'a' Block,Kormangala- Bangalore, Beside Sukh Sagar, Opp ING Vysya Bank, Madivala, Bangalore - 560068"
"Aishwarya Paradise Bar & Resta...","+ 91  9902057666","Begur Main Road, Hongasandra, Bangalore - 560068, Near Reliance Fresh"
"Greens Annex Family Garden Res...","+ 91  9480704049","No.65/8, Sarjapur Main Road, Agra, Hsr Layout, Bangalore - 560034"
"Shanes Bar B Q & Restaurant","+ 91  80 65702694","No.41/A, Horamavu Agara Main Road, Kaveri Nagar, Hennur Main Road, Bangalore - 560043, Next To Sleek Interiors"
"C C Enterprises","","Kaggadaspura Main Road , Cv Raman Nagar, C V Raman Nagar, Bangalore - 560093, Near To Dare"
"Melting Pot Restaurant","+ 91  80 41995999","Brigade Millenium Campus, 7th Phase, Puttenahalli, Jp Nagar, Bangalore - 560078"
"Metro Bar & Restaurant","+ 91  80 41236664","No 30/1/1, M S Nagar, Banaswadi Main Road, Bangalore - 560033, Opposite Pranava Lab"
"Flavours Of Hydrabad","+ 91  7760715342","No.3, Puttenhalli Road, Jp Nagar 7th Phase, Bangalore - 560078, Opposite Big Bazar"
"Gangotri Bar & Restaurant","+ 91  80 26689737","No.317/73, 20th Main Road, JAI Bhima Nagar, BTM Layout, Bangalore - 560076"
"Rock View Bar & Restaurant","+ 91  80 40968296","Rock View Building, 27th Main, S S Palya, Hsr Layout Sector 2, Bangalore - 560102, Near Power Station"
"Sky Brew (Movenpick Hotel & Spa)","+ 91  80 43001000","C/O Movenpick Hotel & Spa, No.115, Pipeline Road, Gokula Extension, Bangalore - 560054, Near Bel Circle"
"Kavya Bar & Restaurant","+ 91  9902343381","No.132, Whitefield Road, B Narayanapura, Bangalore - 560016"
"Tala Kaveri Bar & Restaurant","+ 91  9901442444","T C Palya, Main Road, Akshyanagar, Ramamurthy Nagar, Bangalore - 560016, Near Anaeppa Circle"
"Manju Bar & Restaurant","+ 91  80 23432350","Shop No.28, Kodigehalli Main Road, Sanjeevini Nagar, Sahakara Nagar, Bangalore - 560092, Near Sterling Apartment"
"Curry King","+ 91  80 23629453","37-38 Navyanagar, Jakkur-Amruthahalli Main Road, Amruthahalli, Bangalore - 560064, Behind Jakkur Aerodrome"
"Sneha Shree Bar & Restaurant","+ 91  9620264696","No. 28/27, Sri Balaji Complex, Sm Road, T Dasarahalli, Bangalore - 560057, Opposite To Hydrohorse System"
"Shivas Family Restaurant","+ 91  80 23640642","No.1259, Soorya Plaza, 3rd Block, Bel Layout, Vidyaranyapura, Bangalore - 560097, Opposite Canara Bank"
"Sapthagiri Bar And Restaurant","","Hoodi Signal, Mahadevapura, Bangalore - 560048"
"Cafe Infinito","+ 91  80 28029598","Level 1, Inorbit Mall, Epip Area, Whitefield, Bangalore - 560066, Near Sathya SAI Hospital"
"AMULYA BAR AND RESTAURANT","+ 91  9741311284","kattigenahalli, bagalur main road, Kattigenahalli, Bangalore - 560063"
"Akshaya Family Restaurant","+ 91  9880348313","Doddaballapura Main Road,Avalahalli Village, Yelahanka New Town, Bangalore - 560064, Near Bharath Petrol Bunk"
"R K Bar & Restaurant","+ 91  80 27834727","Hosur Main Road, Chandapura, Anekal Taluk, Bangalore - 561229"
"Mohan Bar & Restaurant","+ 91  9980755539","No.165, 50 Feeet Road, Avalahalli, Girinagar, Bangalore - 560085"
"Melange (Park Plaza)","+ 91  80 49094909","C/O Park Plaza Hotel, No.90/4, 1st Floor, Munnekollala Village, Outer Ring Road, Marathahalli, Bangalore - 560037, Next To Marathahalli Bridge"
"Falcon Greens","+ 91  80 28015800","C/O Prestige Golfshire Club, Nandi Hills Road, Bangalore International Airport, Bangalore - 560300, Karahalli Post, Kundana Hobli, Devanahalli Taluk"
"La Malabar","+ 91  80 43432222","Indiranagar, Bangalore - 560008"
"Shakthi United Bar And Restaurant","+ 91  9448018712","No.53, St Johns Road, Cleveland Town, Frazer Town, Bangalore - 560005, Opposite To Coles Park"
"Cuppa Bar And Restaurant","+ 91  7829875355","No.70, Kaikondrahalli, Sarjapur Road, Bangalore - 560034"
"Siddartha Bar & Restaurant","+ 91  9731163318","No. 24, 2nd main road, Thyagaraja Nagar, Bangalore - 560004, 2nd block"
"Cafe Elanza","+ 91  80 22233666","No.88/2, Richmond Road, Primerose Road, Bangalore - 560025, Near Baldwin Girls School"
"Shrungar Bar & Restaurant","+ 91  80 41144975","#59/1, S.C. Road, Gandhi Nagar, Bangalore - 560009, opposite to movieland theatre"
"The Terrace Tandoor & Grill Re...","+ 91  80 39884433","No 5/43, Fortune Park Jp Celestial, Race Course Road, Anandrao Circle, Bangalore - 560009"
"Abhimani Bar & Restaurant","+ 91  7899477361","Dasarahalli Main Road, Mariappanapalya, Bangalore - 560023"
"Madhu Bar & Restaurant","+ 91  9980110234","Kengeri Road, Magadi Road, Bangalore - 560023, Near Tavarekere Circle"
"H3o","+ 91  80 25350011","No. 4034, 100 Feet Road, Indira Nagar 2nd Stage, Bangalore - 560038, Opposite To Domlur Flyover"
"M M Bar & restaurant","+ 91  9740453281","No 28/1, 13 th main road, Srinagar-Banashankari Stage I, Bangalore - 560050"
"Jaishree Bar & Restaurant","+ 91  80 41463848","No:175, Market Street, New Thippasandra, Bangalore - 560075, Near Shiva Temple"
"Madhura Bar","+ 91  80 23575000","No. 37/1, Grand BEE Hotel, Railway Parallel Road, Yeshwanthpur, Bangalore - 560022, Near RTO Office"
"Mourya Bar & Restaurant","+ 91  9901578444","Vignananagar Main Road, New Thippasandra, Bangalore - 560075, Opp to Venus Super Speciality Hospital"
"Thirumala Deluxe Family Restau...","+ 91  80 31928889","No.34, Allalasandra, Yelahanka, Bangalore - 560064"
"Kaveri Garden Family Restaurant","+ 91  80 23581493","No.S1/47/A, Magadi Main Road, Sunkadakatte, Bangalore - 560091, Opposite To Vijaya Bank"
"Lemon - The Lounge Bar","+ 91  80 43111558","1, Outer Ring Road, Marathahalli, Bangalore, Marathahalli, Bangalore - 560037"
"Rashmi Bar & Restaurant","","8th Main, Attur Layout, Yelahanka, Bangalore - 560064, Near Bus Stop"
"Akshaya Bar & Restaurant","+ 91  9980002952","Doddaballapura Pura Main Road, Yelahanka, Bangalore - 560064, Wheel & Axel Gate"
"Murali Bar & Restaurant","+ 91  9008343234","Hosur Main Road, Neralur Gate, Attibele, Bangalore - 562107, Opposite To Neralur Panchayat Office"
"S K Green Paark Inn","+ 91  9243606296","349/1, Hosur main road, Attibele Hobli, Bangalore - 562107, Opp Ramee Guestline hotel"
"Oak leaf","+ 91  80 66708888","C/O Oakwood Residence Prestige, No.62, Forum Value Mall, Whitefield, Bangalore - 560066"
"MCC Paradise","+ 91  9944943944","Hosur Inner Ring Road, Attibele, Bangalore - 562107, Near Bharat Petrol Bunk"
"Brigade Gardens Bar & Restaurant","+ 91  9742782305","no - 76 , brigade road, Brigade Road, Bangalore - 560001, opp to fussion lounge"
"New Mayuri Multicuisine Family...","+ 91  9731183976","By Pass Junction, N H - 7, Devanahalli, Bangalore - 562110, Near devanahalli Railway Station"
"Mandara","+ 91  9480887575","112, Pushpam Realty, C/O Imera Spa & Resort, Sarjapur Road, Bangalore - 560034, Sevaganapally"
"The Beer Joint","+ 91  9480171981","27/28,Bda Complex, Indiranagar, Bangalore - 560008"
"Manjushree Bar & Restaurant","","Old Madras Road, Krishnarajapuram, Bangalore - 560036"
"Luscious","+ 91  80 22279090","C/O St Marks Hotel, No.4/1, St Marks Road, Bangalore - 560001, Opposite Nandini Hotel"
"Coco Grove Beer Cafe","+ 91  80 25597558","No.86, Spencers Building, Church Street, M G Road, Bangalore - 560001, Near Amoeba"
"Spinn Pub","+ 91  80 25581555","80, 3rd Crs, Nxt Ballal Residency, Residency Road,, Residency Road, Bangalore - 560025"
"Amnesia Bar & Restaurant","+ 91  80 41510000","Residency Road, Bangalore - 560025"
"Lalithas Paratha Point","+ 91  9611466641","Shivan Chetty Garden, Bangalore - 560042"
"Kalinga Bar & Restaurant","","No.307, S C Road, Gandhi Nagar, Bangalore - 560009"
"Aishwarya Family Restaurant","+ 91  80 41518850","No.23/24 3rd Main, Gandhi Nagar, Bangalore - 560009, Opposite To Kamat Yatrinivas,Next To Sapna Book House"
