"Name","Phone","Address"

"Jolly Pharma","+ 91  9855776711","Amritsar - 143001"
"Cutwell Machine India","+ 91  183 2230624","Head Water Works Rd, Amritsar - 143001"
"Indian Overseas Bank Empanelle...","+ 91  183 2540420","Mahajan Market,, Amritsar - 143001, Hall Bazaar"
"Approach Pharma","+ 91  9217728400","39, Chaudhary Plaza, Amritsar - 143001, Nr Nandan Cinema"
"Sri Guru Ram Dass Polymers","+ 91  9914387759","G T Road, Amritsar - 143001, Freedom Nagar"
"Globe Machines Engg. Works","+ 91  9780587575","140-A,, East Mohan Nagar,, Amritsar - 143001"
"Amritsar Surgical","+ 91  183 2542799","Karan Building, 1st Floor, Amritsar - 143001, Near Kulfiwala"
"D K Mktg Amritsar H O","+ 91  9356002714","Amritsar - 143001"
"Tata Machines & Services","+ 91  9855052400","180-A, Shivala Road, Amritsar Bus Stand, Amritsar - 143001, Gramin Bank"
"Amritsar Electro Care","+ 91  9217895693","30 A Ff A Block Mkt, Ranjit Avenue, Amritsar - 143001"
"Amritsar Bottling Co","+ 91  183 2258530","G T Rd, Amritsar - 143001, Chheharta,P O Rayon & Silk Mills"
"Amritsar Computer Hut","+ 91  183 5053909","Showroom 4 5 Lawrance Plaza, Lawrence Road, Amritsar - 143001, Nr Pizza Hut"
"Amritsar Taxi Booking","+ 91  183 2221408","Amritsar - 143001, Near Durgiana Temple, Hathi Gate, Corporation Market"
"KHANNA MACHINE TOOLS INDUSTRIES","","Rani Ka Bagh, AMRITSAR - 143001"
"R S Polymers","+ 91  183 2573279","Plot No. 24/25, Amritsar,Majitha Road, AMRITSAR - 143001, Near Alpine Public School"
"Garg Pharma","+ 91  183 2556875","Amritsar - 143001"
"Amritsar Ivory Works","+ 91  183 2508820","501, Amritsar - 143001, Maqbool Rd"
"Amritsar Heartcentre","+ 91  183 2400567","255, Race Cource Rd, Amritsar - 143001, Basant Avenue"
"Community Care Center For Peop...","+ 91  183 2572401","Majitha Road Amritsar, Amritsar - 143001, Near De-Addiction Centre,"
"Mahaveer Pharma","+ 91  9814802314","No-60-B, Rani Ka Bagh, Rani Ka Bagh, Amritsar - 143001, Amritsar"
"Amritsar Financial Service And...","+ 91  9915544464","Office No 2 Sharma Cmplx Ff, Amritsar - 143001"
"District Amritsar Business Ass...","+ 91  183 2541475","151, Amritsar - 143001, Idh Mkt"
"Amritsar Woollen Mills","+ 91  183 2554973","1, Katra Sher Singh, Telephone Exchange Road, Amiritsar, AMRITSAR - 143001, Amritsar"
"Sudarshan Weaving Factory Amri...","+ 91  183 2556936","Chowkbabaphowriwala, Amristar, Amritsar - 143001"
"SR Sec School Amritsar","+ 91  183 2490666","Taran Road Kot Mit Singh,, Amristar, Amritsar - 143001"
"Canara Bank, Amritsar, Punjab","+ 91  183 2222020","Tarn Taran Amritsar-, Amritsar - 143001"
"Canara Bank, Amritsar, Punjab","+ 91  183 2222049","Rayya Mandi Amritsar- 143 112, Amritsar - 143001"
"Bengal To Amritsar Tour & Travel","+ 91  9357682320","K D Plaza, Chowk Mahan Singh Gate, Amritsar, Amritsar - 143001"
"Amritsar Pulp & Board Mills PV...","+ 91  183 2503666","Jagdev Kalan Road, Gumtala,, Amristar, Amritsar - 143001"
"Amritsar Engg Works","+ 91  183 2585229","G T Rd, Amritsar - 143001, Four Fields, Nr New Amritsar Colony"
"United Sikh of Amritsar","+ 91  8566853630","S-3, Ground Floor, Amritsar Bus Stand, AMRITSAR - 143001, Opposite Sangam Cinema"
"Sachdeva Travels Amritsar","+ 91  9888732694","Opp. Sangam Cinema, Near Pingalwara, Amritsar Bus Stand, Amritsar - 143001, G.T. Road"
"Best print amritsar","+ 91  9815431034","hide market, indra palace, Amritsar - 143001, City Castle Hotel"
"Feco Paper And Machines Pvt Ltd","+ 91  183 5094680","Mehta Road, Maqbool Pura, Amritsar - 143001"
"J S Machine Repair Works","+ 91  7508780369","Mehta Road, Vallah, Amritsar - 143001"
"Hotel Amritsar Residency By Ce...","","G T Road, Amritsar - 143001, Opposite International Bus Terminal, Bamrah Service Station"
"Amritsar Car Rental","+ 91  9316492888","3, Deep Complex, 2nd Floor, Court Rd, Amritsar, Amritsar - 143001"
"Sunlight Machines","+ 91  9216116161","Plot Number- 61, G T Road, Amritsar - 143001, Near Cannel"
"Amritsar Fruit Agency","+ 91  9815034032","Stall No - 20, 21, 22, Mewa Mandi, Amritsar - 143001"
"amritsar hydraulics","+ 91  9193561329","Amritsar - 143001"
"MAHENDRA INSTITUTE AMRITSAR","+ 91  9646606160","2nd and 3rd Floor, 62, City Centre, GT Road (J.K.Orchid), Amritsar, Amritsar - 143001"
"SH Car Land - Second Hand (Use...","+ 91  9815360580","National Complex, Amritsar Bus Stand, Amritsar - 143001, Amritsar"
"Makhan Fish - Non Veg Restaura...","+ 91  9988275261","662, Old Jail Road, Basant Avenue, Amritsar - 143001, Trillium Mall"
"SHIVA PHARMA","+ 91  9872815928","Jinda wala chowk, Amritsar - 143001, I/s Hakima gate"
"forever livining prouduct in a...","+ 91  9888171301","goal maszid sharifpura sho 22, Amritsar - 143001"
"Taxi Service Amritsar","+ 91  183 7889892","Amritsar - 143001"
"Lapox Polymers Ltd","+ 91  9855718657","F 11/328, Gali No 6, Amritsar - 143001, Vijanagar Paris Town"
"Amritsar Escorts co","+ 91  9872495586","Amritsar - 143001"
"Amritsar Copreative Labour & C...","+ 91  183 2564764","plot no.29-A, Ahata Manga Road, Albert Road, Amritsar - 143001, Opposite Irrigation Department, Near Kundan Dhaba"
"Jobs in Amritsar","+ 91  8591928952","Rani Ka Bagh, Amritsar - 143001, Hp Petrol pump"
"Amritsar Golden Textiles","+ 91  183 2532484","240/4, Laj Patrai street,, Durgiana Mandir, Amritsar - 143001, opp. goql bagh"
"astrologer in amritsar","+ 91  9876263101","Amritsar - 143001"
"Jagdambay knitting machine repair","+ 91  7508378490","Shop no :2, Paris town,, Amritsar - 143001, Vijay nagar,batala road"
"Amritsar Rexine Store","+ 91  183 2542106","House Number- 243, rexine store hazar chamre wala, Amritsar - 143001, Katra Kaniya Near Telephone Exchange, Chamda Bazar"
"KGR Machine","+ 91  183 2274995","295 Industrial Area, East Mohan Nagar, Amritsar, Amritsar - 143001, Opposite Mall Mandi"
"Extreme Machine","+ 91  9815525868","Shop No-5, bazar tungupai , New Pawan Nagar , batala road, Amritsar - 143001, Near Gurukul School"
"M/S Amritsar Traders","+ 91  183 2211164","House Number- 302, R B Parkash Chand Road, Amritsar - 143001, Opposite Dordershan Kendra"
"Amritsar studio","+ 91  7508282970","Ranjinder nagar, Amritsar - 143001, Near school"
"H.N.Polymers","+ 91  9915433770","84 AMRIK SINGH COLONY, 100 FT ROAD, G T ROAD, - 143001, NEAR SUJATA INDUSTRIES"
"Hotel Amritsar Inn","+ 91  8427202611","Main bazaar, Ram BAGH ROAD, Amritsar - 143001, OPP RAILWAY TAXI STAND"
"Amritsar Textile Finishing Mil...","+ 91  183 2581836","Amritsar - 143001, Outside Ghee Mandi Gate"
"Rajat Pharma","+ 91  183 2275883","Shop No 6a, Amritsar - 143001, Dhan Dhan Guru Ram Dass Market, Kucha Dal Khana, Katra Sher Singh"
"AMRITSAR GIFT HOUSE","+ 91  9815163911","19, Krishna Market, Amritsar - 143001, Near Golden Temple"
"Kalsi Machine Tools","","121, East Mohan Nagar, Indl. Area, Amritsar - 143006"
"New Empire Machines","+ 91  183 2582297","163, Mohan Nagar, Amritsar - 143006, East"
"Indo Poly Machines Corp","+ 91  183 5095174","298, Mohan Nagar, Amritsar - 143006, East,Opp Mall Mandi, Asr"
"New Amritsar Ornaments House","+ 91  183 2547093","Amiritsar, Amritsar - 143006"
"Sonu Pharma","+ 91  183 5063425","Katra Sher Singh, Amritsar - 143006"
"Shakti Pharma","+ 91  183 2542509","Katra Sher Singh, Amritsar - 143006"
"Amit Pharma","+ 91  183 5005168","Katra Sher Singh, Amritsar - 143006"
"Amritsar Time Centre","+ 91  9876198988","Hall Bazar, Gandhi Bazar, Amritsar - 143006, Opp Electric Centre"
"Arun Pharma","+ 91  183 3093763","Katra Sher Singh, Amritsar - 143006"
"Amritsar Engg Works East Mohan...","+ 91  183 2230524","21, Mohan Nagar, Amritsar - 143006, Goka Ka Bagh,East"
"New Amritsar Ornaments House","+ 91  183 2547093","Amritsar - 143001, Guru Bzr"
"Amritsar Marble House","+ 91  183 2220446","Shop No-10, Basant Avenue, Amritsar - 143001"
"Star Polymers Incorporation,","+ 91  9855200970","25 Basant Avenue, Near Maqbool Road, Amritsar- 143 001, Amritsar - 143001"
"Amritsar interiors","+ 91  9988829737","12 Tailor Rd, Amritsar - 143001"
"Royal Polymers","+ 91  9417355325","86-A Bhai Lalo Ji Nagar, G.t.road,, Amritsar - 143001, Amritsar Cantonment"
"Amritsar Jewellers","+ 91  183 2558605","Guru Bazar, AMRITSAR - 143001"
"Amritsar Insurance Institute","+ 91  9814702582","C/O. National Insurance Co. Ltd ., D-26,, Court Road, Amritsar, Amritsar - 143001"
"Amritsar Enterprises & Passpor...","+ 91  9915142066","Basement Of. Sco 109, Shop No- 3- B, Adjoining Passport Office, Ranjit Avenue, B Black, Amritsar, Amritsar - 143001"
"Deep Machine Tools","+ 91  183 2482615","P No-2, Amritsar - 143001, Baba Budha Ji Ngr"
"Icfai Business School Amritsar","+ 91  9888010151","Amritsar - 143001"
"Amritsar Caterer","+ 91  183 2581358","B/2a, East Mohan Nagar,Near Gupta Bakery, Amritsar - 143001"
"Positive Network Amritsar (DIC)","+ 91  183 2570686","C/O Community Care Center, Red Cross Building, Amritsar , Inside Guru Nanak DEV"
"Ganpati Polymers","+ 91  9815649970","G T Rd, Amritsar - 143001, Opp Fai Engg College, Nr Manauuala Hospital"
"Shahraj Polymer (P) Limited","+ 91  9876302400","243, Mehta Road, Amritsar - 143001, Focal Point"
"Amritsar Nursing Home","+ 91  183 2504334","Maqbool Rd, Amritsar - 143001"
"Amritsar Police Gas","+ 91  183 2402780","Azad Nagar, Amritsar - 143001, Police Lines"
"Yorks Pharma","+ 91  183 2711880","Fatehgarh Churian Road, Amritsar Bus Stand, Amritsar - 143001, Near Brindaban Garden,,21milestone"
"Amritsar Caterers","+ 91  183 2553080","Upper Ramesh Kulfis & Ice Cream Shop, Hall Bazar, AMRITSAR - 143001"
"Amritsar College","+ 91  183 5069527","GT Road, Amritsar - 143001, 12 Km Stone, Amritsar-Jalandhar,Near Jandiyal Toll TAX"
"K. M. Machines","+ 91  183 3247171","G.t Road, Amritsar - 143001, Near Old Jallandhar Octori Post"
"Med Fox Pharma Pvt Ltd","+ 91  183 2580925","423, Amritsar - 143001, Focal Point"
"Deep Pharma","+ 91  183 5096479","Shop Number 2, Katra Sher Singh, Amritsar - 143006, Khanna Market"
"Sonu Pharma","+ 91  183 3243536","Shop No 4 Khanna Mkt Kucha Dai Khana, Katra Sher Singh, Amritsar - 143006"
"amritsar shutter industries","+ 91  9815018264","katra sher singh, Katra Sher Singh, Amritsar - 143006, near dav college"
"Amar Machine Tools","+ 91  9876801690","O/S Chattiwind Gate, Tarn Taran Road, Amritsar, Chatiwind, Amritsar - 143022"
"GEHNA AMRITSAR - A House Of Fa...","+ 91  9988221148","C/O Fancy Tent House, Lawrence Road, Lawrence Road, Amritsar - 143001, Opposite Ritu Wears"
"AMRITSAR PESTICIDES","+ 91  9803550002","27-28, MAIN ROAD, Ram Bagh, Amritsar - 143001, OPP. SHREE RAMA KRISHNA MARBLES"
"Amritsar mobile centre","+ 91  9988426420","Hall bazar, Opp mobile hub, Hall Bazar, Amritsar - 143001"
"Standard Pharma","+ 91  183 2534233","Shop No-15, Katra Sher Singh, Amritsar - 143006, Opposite Khera College, Kucha Dat Khana"
"AMRITSAR STEEL EMPORIUM","+ 91  183 5008518","O/S Ram Bagh, Ram Bagh, Amritsar - 143001, Near nandan cinema"
"ISO Certification Amritsar Punjab","+ 91  9872086041","T-13/1433, I/S Hathi Gate, Hathi Gate, Amritsar - 143001, Quality Assessment Bureau"
"Amritsar Novelty Store","+ 91  9256196462","Hall Bazar, Amritsar, Amritsar Road, Amritsar - 143001, Opp. Novelty Shoes"
"Amritsar Mobile Centre","+ 91  9872177770","Pultighar, Amritsar, G T Road, Amritsar - 143001"
"International School of Design...","+ 91  9988863388","33a/1,Ground floor, Rani Ka Bagh, Amritsar - 143001, Next to Archies galery"
"Amritsar Commerce Education","+ 91  9815193154","2 old jail road, Care of Arora gift and greet, Amritsar - 143001, Ranjit avenue"
"Amritsar Musical Academy","+ 91  9888399871","Amritsar - 143001"
"AR Travels Amritsar","+ 91  9888302117","Amritsar - 143001"
"AMRITSAR OVERSEAS EDUCATION CO...","+ 91  183 9814797331","156 PRITAM NAGAR, 100FEET ROAD, Amritsar - 143001, NEAR DEEP BAKERY"
"Amritsar Central Coop Bank LTD","+ 91  183 2508765","D-68, Amritsar - 143001, Ranjeet Avenue"
"Amritsar Time Centre","+ 91  9872595935","Hall Bazar, Amritsar - 143001"
"gsas repair amritsar","+ 91  9781595981","shop 2, rayato cinema, qreens road(kot road), railway station, Amritsar - 143001, Samrat Hotel"
"Indian Overseas Bank - New Amr...","+ 91  183 2580330","Scf No. S44,, New Amritsar Market., AMRITSAR - 143001"
"New Rattan Sewing Machine Co.","+ 91  9217779630","Bazar Ram Bagh, Amritsar, Amritsar Road, Amritsar - 143001"
"Amrit Machine Toos","+ 91  9592794017","Plot No L 8, Tara Taran Road, Amritsar - 143001, Baba Deep Singh Nagar, Old Octroi,"
"K K Pharma","+ 91  183 3112204","47, Hide Road Singh Complex, Near Hussainpura Chowk, Amritsar - 143001"
"AMRITSAR AUTO DEALER","+ 91  9815722305","shop no 59, hukam singh road, Amritsar - 143001, opposite Company Bagh, Near Petrol Pump"
"Kuldeep Travels Amritsar","+ 91  183 5008600","H.No-45,Gali No 12, Saheed Udham singh Colony, khajane wala gate, Golden Temple, Amritsar - 143006"
"SURAJ MACHINE TOOLS","+ 91  9914545349","Kot atma singh, Amritsar Bus Stand, Amritsar - 143001, Near Water Tank"
"Amritsar - Isw","+ 91  9888282155","Amritsar - 143001, Sco 34, B Block,Ranjit Avenue"
"Om Pharma","+ 91  183 2425342","Katra Sher Singh, Amritsar - 143001, Telephone Exchange"
"Amritsar digital color lab","+ 91  9780119123","G.T. Rd bus stand, Amritsar - 143001, Opp. Bus stand"
"Bio Pharma","+ 91  183 2551035","Katra Sher Singh, Amritsar - 143006"
"Precision Machine Tools","+ 91  9417278720","95, East Mohan Nagar, Amritsar - 143001"
"Precision Machine Tool","+ 91  183 2582720","Plot Number 95, East Mohan Nagar, Amritsar - 143006, Near Ramgahiya Park"
"Taxi Service Amritsar","+ 91  9855028504","Aman Motors, Khalsa College, Amritsar - 143001, Opposite Khalsa Senior Secondary School"
"Virdi Machine Tools","+ 91  183 2583703","31 East Mohan Nagar, Amritsar - 143001"
"New Golden Machine Tools Indus...","+ 91  9780893350","Number 5253, Sultanwind Road, Amritsar - 143001, Near Shivala Mandir Near Mahalz Restaurant"
"Amritsar Internet Data Card Se...","+ 91  8283805013","Amritsar, Amritsar, Amritsar - 143002, Amritsar"
"Amritsar Associates","+ 91  9915944266","19, Deep Complex,, Amritsar - 143002, Opp- Doaba Automobiles"
"TEJ Machine Tools Company","+ 91  183 2230140","1, Modern Street Gokal Ka Bagh 100 Ft Road, Amritsar - 143001"
"Jk Machines India","+ 91  183 2583344","Plot Number-18, 100 Feet Road, East Mohan Nagar, Amritsar - 143006, Near Hanuman Mandir"
"DIAMOND MACHINE TOOLS","+ 91  9417074333","25 G, 100 FEET ROAD, East Mohan Nagar, Amritsar - 143006, Opposite Amritsar Hospital"
"Amritsar Jassi Travel","+ 91  9888920121","Court Khalsa, 10, Kabir Park Colony, Amritsar - 143002"
"Amritsar Auto Spares","+ 91  183 2401000","66-67, Railway Road, Amritsar - 143002, Opposite Railway Station"
"ssss immigration services amri...","+ 91  183 8196980","280, ##, Amritsar - 143002, near alpha one mall"
"Nagi shohrat & party amritsar ...","+ 91  9356032970","New market, Back side children ward, Amritsar - 143002, Majitha road"
"r.s medi pharma","+ 91  183 5068282","15 haram market, katra sher singh, Amritsar - 143002"
"Amritsar OET College","+ 91  183 2225416","D-14/447 Guru Arjan Dev Nagar, Opp Ganga Building, Amritsar - 143002, P.o. Khalsa College"
"ZABI PHARMA","+ 91  9888333878","KUMAR MARKET SHOP NO. 4, KATRA SHER SINGH, Amritsar - 143002, MEDICINE MARKET"
"chirgan pharma","+ 91  9814004181","shop no 18 1st floor, harman mkt katra shersingh, Amritsar - 143002, harman mkt"
"Lift Machine","+ 91  9888671097","Shop No-586, Gali No-3, Amritsar - 143002, near batala road"
"Upjohn Pharma","+ 91  9876040403","Main bazar, Partap nagar, Amritsar - 143002, g.t road"
"prime pharma,","+ 91  9988037550","kA /1, KRISHNA NAGAR, Amritsar - 143002, TARANTARAN ROAD"
"AMRITSAR RADIATOR","+ 91  9914106854","SHOP NO, GOAL BAGH, Amritsar - 143002, Near Pullporian"
"SAGGU MACHINE TOOLS","+ 91  183 5050546","Plot no-245-A, 100 Ft Road, Amritsar - 143002, Opposite Randhawa International,, East Mohan Nagar, Industrial Area"
"Sajan Herbs Pharma","+ 91  9356030161","Ram Tirath Road, Amritsar - 143002, Opposite DTO Office"
"AMRITSAR HOME APPLIANCES","+ 91  9356521311","main bazar, thandi khuhi, Amritsar - 143002, near main chownk"
"Perfect Polymers","+ 91  183 5003618","Chatiwind, Amritsar - 143022, Near Batnawala karkhana"
"world4ugroup amritsar","+ 91  183 5062020","nanak building, lawrence road, Lawrence Road, Amritsar - 143001, amritsar"
"AMRITSAR OIL TRADER","+ 91  183 2543483","shop no 3768/7, main bazar, Amritsar - 143006, near HDFC Bank, Dhab Wasti Ram"
"Amritsar Sewa Kendramarket","+ 91  9815699451","50, Infront Of SBI Bank, Amritsar - 143002, Main Road"
"Amritsar Fertilizer Agency","+ 91  8872989993","65, Infront Of Honda Soroom, Amritsar - 143002, Main Road"
"Sikandar Machines","+ 91  183 2583827","176, 100 Feet Road, Amritsar - 143002, New Gokul Ka Bagh,Opposite City Diamond Palace"
"Om Pharma","+ 91  9888280239","Om Pharma, Amritsar - 143002, Infront Of Gate No-3 Telephone Exchange"
"Amritsar Cycle Works","+ 91  183 2224756","Shop Number- 27, Railway Road, Amritsar - 143002"
"Suraj Machine Industries","+ 91  7837816410","74-A, G T Road, Amritsar - 143002, Sant Vihar"
"Bright Industries.Amritsar","+ 91  9814053702","Amritsar - 143 006, Punjab, Amritsar - 143002"
"Amritsar Punjabi Dhaba","+ 91  7355980475","Plot No-17, Gali No-3, Guru Nanak Colony, tarn taran road, Amritsar - 143002, Nr. Purani Chungi"
"Rashal Knitting Machine & Spar...","+ 91  9814524035","25-26, Sudarshan Nagar,, 100ft.Road, Amritsar - 143002"
"Whiteline Pharma","+ 91  7432594170","Amritsar - 143002, Near Indra Palace Cinema"
"Amritsar Motors","+ 91  9815191372","Shop No-22, Amritsar - 143002, Near-Graduate Gas Service, Lohgarh Gate"
"Amritsar Broiler House","+ 91  9815338686","Amritsar - 143002, Bakkar Mandi, Khazana Gate, Near-Chabhal Road"
"Amritsar Fish Centre","+ 91  183 5062292","Inside Hall Gate, Amritsar - 143002, Fish Market"
"Amritsar Property Linkers, Pro...","+ 91  183 2502220","Sco-105, Distt. Shopping Complex, Near Passport Office, Amritsar - 143002, Above L.G. Showroom,Ranjit Avenue"
"Raj Pharma","+ 91  183 2720558","Sco-165-69, Sec-9-C,, Amritsar - 143002"
"Himalchal Durg Pharma","+ 91  9021654654","Bz, Gandan Wala, Amritsar - 143002"
"Ess Pee Pharma Agencies","+ 91  183 2557867","1347, Katra Sher Singh Building, Amritsar - 143002"
"Amritsar Plywood Emporium","+ 91  9876029422","pieel mandi, Amritsar - 143002"
"Vng Pharma","+ 91  9814572126","Shop No-2,1st Floor, Amritsar - 143002, Swami Market,Katra Sher Singh"
"Khalsa College Amritsar","+ 91  183 2258097","Amritsar - 143002"
"Amritsar Communications","+ 91  9915720000","Amritsar - 143002"
"Semi K.K Machine Tools","+ 91  183 5008745","20 East Moham Nagar, Main 100 Feet Road, Amritsar - 143002, Near Hanuman Mandir"
"Acupressure Amritsar","+ 91  9357331020","Partap Nagar Amritsar 9888926276 Partap Nagar Amritsar, Amritsar - 143002"
"New Bombay Foundry Machines","+ 91  183 2582438","House no-224-A East Mohan Nagar, Industrial Area Opposite Adarsh Fans 100feet Road, Amritsar - 143002, Amritsar"
"State Bank Of India Clearing C...","+ 91  183 2540404","Clearing CPC, Amritsar - 143002"
"Perfect IT Solutions, Amritsar","+ 91  9915017900","Bagh Ramanad Near Golden Templ, Amritsar - 143002"
"KARATE AMRITSAR","+ 91  183 2102206","SCO-1019/12, MAIN ROAD, Amritsar - 143002, ISLAMABAD"
"Amritsar Model School","+ 91  9814357585","Shaheed Udham Singh Nagar, Gali No.3,, Amritsar - 143001, Near Bhai Khaniya GurudwaraSultanwind Road"
"Amritsar Weighing Eqiupments","+ 91  9814475554","Booth no-94,95, Kabir Park Colony, Amritsar - 143002, Opp Gndu Amritsar"
"Amritsar Property Consultants","+ 91  9876592391","Fatehgarh Churian Road, Amritsar - 143001, Adda Nangli,Near Thakur Ji Enclave"
"Sidharth Drug Pharma","+ 91  183 6572137","Batala Road, Amritsar - 143001, Bharat Nagar, Opposite HDFC Bank"
"Amritsar home tutors for Physi...","+ 91  7307006732","kabir park, Amritsar - 143002"
"G S Machine Tools","+ 91  9915591596","Plot No 579, Sultanganj Road, Amritsar - 143001, Jodh Nagar,Bakside Mandir"
"Avtar Machine Tools","+ 91  9463825885","Shop Number-8, Sultanwind Road, Amritsar - 143001, New Kapoor Nagar"
"Amritsar Handicraft","+ 91  9855588196","148, Rajinder Nagar, Amritsar - 143001, Backside Alpha Mall, Dalit Avanue"
"Mega Canada Education Fair 201...","01835095585","VENUE - Holiday Inn, Ranjit Avenue, Amritsar - 143001, District Shopping Centre"
"Canadian Education Fair 2016-A...","+ 91  9356065208","VENUE - Holiday Inn, Ranjit Avenue, Amritsar - 143001, District Shopping Centre"
"Mid Brain Activation in Amritsar","+ 91  9465637520","house no:d-288, Ranjit Avenue, Amritsar - 143001, near bus parking"
"Amritsar Tour And Travels","+ 91  8729092100","Majitha Road, Amritsar - 143001, Near Guru Nanak Hospital"
"Amritsar tractor parts","+ 91  9872106986","Sh no. 89 b, Kabari market, Amritsar - 143001, G. T road"
"Amritsar telecom","+ 91  9855856018","Golden avenue, GT road, Amritsar - 143001, Near petrol punp"
"Amritsar Plywood Palace","+ 91  9888894543","Amritsar - 143001, Opposite Punjab & Sind Bank, Chowk Islamabad"
"Amritsar plywood place","+ 91  183 5010780","chownk islamabad, Amritsar - 143001, opp punjab & sind bank"
"Canara Bank, Amritsar, Punjab","+ 91  183 2268990","Bhure Kohna Amritsar-143 419, Amritsar - 143001"
"Amritsar Power Centre","+ 91  9872297557","Shop no 2, Near golden cloth market, Sultant Wind Gate, Amritsar - 143006, Nr Balmiki Mandir"
"Amritsar Sarvice Station","+ 91  183 2565497","HPCL Dealer, Gt Rd, Amritsar - 143001, Opp Chief Khalsa Diwani"
"Amritsar Commodity Mart","+ 91  183 2523285","luxaman, Amritsar - 143001, Dhab Wasti Ram, Near Kucha Dayal, Chowk Laxmansar"
"Vishal Pharma Sales","+ 91  183 2544612","Shop Number- 1348/10, katra shersingh Kucha Daikhana amritsar, Amritsar - 143001, Kucha Daikhana"
"Amritsar cold drinks","+ 91  9501026802","Trillium mall, Amritsar - 143001"
"Amritsar handloom house","+ 91  9915013689","Shop no 5-A, Sandhu market, Sultant Wind Gate, Amritsar - 143006, Near power house"
"Amritsar Transporter","+ 91  183 3224115","PLOT 94, Transport Nagar, Amritsar - 143001, Opp Pataka Market"
"AMRITSAR PHOTO STUDIO","+ 91  9463826696","Judge Nagar, Main Bazaar, Amritsar - 143001, Near Gurudwara Judge Nagar"
"Balbir Machine Tools","","2, Sultanwind Rd, Sultanwind, Amritsar - 143021, Kapoor Ngr"
"G S Machine Tools","+ 91  183 5067192","579, Sultanwind Road, Sultanwind, Amritsar - 143021, Backside Shiv Mandir, Jodh Nagar"
"Bajrang Printing Machine Manuf...","+ 91  183 5017552","347, 6, Sultanwind Road, Amritsar - 143002, Mandir Wala Bazar,, Gobind Nagar"
"Amritsar Wire Industries","+ 91  183 2393569","Near Old Octroi Post, Sultanwind Road, Sultanwind, Amritsar - 143021, Amritsar"
"Amritsar Yellow Plate Taxi Ser...","+ 91  183 5053045","Sco35,IIIrd Floor Court Road, Deep Complex, Amritsar - 143001, Opposite HDFC Bank"
"Amritsar Electrician","+ 91  9814140019","1138 EAST GOBIND NAGAR, Sultanwind Road, Ajit Nagar, Amritsar - 143001, OPPOSITE MANDIR WALA BAZAR"
"Aarti International Amritsar","+ 91  183 5065024","337, East Mohan Nagar,, Amritsar - 143001"
"Amritsar Vikas Manch","+ 91  183 2582323","253 Ajit Nagar, Amritsar-Punjab India, Ajit Nagar, Amritsar - 143001"
"Amritsar Haldi Sales Corporation","+ 91  9417510352","Batala Road, Amritsar - 143001"
"Shiva Resin & Polymers","+ 91  9356030769","Patwari Wali Gali, Gali No.1, Sundar Nagar, Amritsar Cantt, Amritsar - 143001"
"Amritsar Pharmaceuticals Labs","+ 91  183 3099434","Naraingarh, Chheharta, Amritsar Cantt, Amritsar - 143001"
"Kgr Machines","+ 91  183 2581106","295 industrial area, Opp Mall Mandi, Amritsar - 143006, East Mohan Ngr"
"TALENTEDGE AMRITSAR EDICATION ...","+ 91  183 5011002","338, Ajit nagar, Amritsar - 143001, Opp.bsnl exchange"
"Perfect Machine Tools","+ 91  183 2580149","512, East Mohan Nagar,, Amritsar - 143001"
"Amritsar digital lab","+ 91  9888904143","GT Road, Amritsar - 143001, Opp Bus stand near SINGH SABH JANJ GHAR"
"Amritsar Pagri House","+ 91  183 2541826","Chowk phawara, Golden Temple, Amritsar - 143006, Opp.post office"
"Amritsar School of Internet Ma...","+ 91  9592664555","SCO 88 III Floor, B Block Distt Shopping Complex, Ranjit Avenue, Amritsar - 143001, NR Hotel PR Residency"
"M/S. Amritsar Ply Wood PVT LTD .","+ 91  183 2701599","Four Fieldsg.t.road(Jalandhar Wali), AMRITSAR - 143006, Bye Pass"
"Shri Gee Vet Pharma","+ 91  183 5014993","Super Market,Furniture Bazar,Near Gain Lassi Wala,Kt.sher Singh,Amritsar., Katra Sher Singh, AMRITSAR - 143006"
"Prabhjot Machine Tools","+ 91  183 5013588","Hosue No. 4995, Mandir Wali Gali, Sultanwind Road, Mohan Nagar, Amritsar - 143006, Mohan Nagar"
"Amritsar Carbelt House","","Katra Sher Singh, Katra Sher Singh, Amritsar - 143006"
"Sahni And Sahni Pharma Distrib...","","Katra Sher Singh, Katra Sher Singh, Amritsar - 143006"
"Ganpati Pharma","+ 91  183 5010006","Katra Sher Singh, Katra Sher Singh, Amritsar - 143006"
"Saubhagya Pharma Agencies","+ 91  183 5063315","Katra Sher Singh, Amritsar - 143006, Kucha Dai Khana"
"A. B. Pharma","","Katra Sher Singh, Katra Sher Singh, Amritsar - 143006"
"Fair Pharma","","Katra Sher Singh, Katra Sher Singh, Amritsar - 143006"
"Indra Sehgal Pharma","+ 91  183 5008648","Katra Sher Singh, Katra Sher Singh, Amritsar - 143006"
"YOG Ratan Pharma","+ 91  183 2534851","Katra Sher Singh, Katra Sher Singh, Amritsar - 143006"
"Rameshwar Pharma","","Katra Sher Singh, Katra Sher Singh, Amritsar - 143006"
"S.P. Pharma","","1st Floor, Dav College Parking, Katra Sher Singh, Amritsar - 143006, Katra Sher Singh"
"Amritsar Gift Centre","+ 91  183 2226692","151, New Clock Tower Market, Golden Temple, Amritsar - 143006, Opp. Shani Mandir"
"Amritsar Boot House","+ 91  183 2588249","Bazar MAI Sewan, AMRITSAR - 143006, Near Guru Bazar"
"Care N Cure Pharma","+ 91  183 2580059","Plot Number- 373 A, Mohan Nagar, Amritsar - 143006, Near Sand Market, East Mohan Nagar"
"Amritsar Woollen Mills","+ 91  183 2554881","1, Katra Sher Singh, Telephone Exchange Road,, Gandhi Bazar, Amritsar - 143006, Telephone Exchange Road,"
"Amritsar Petrochem Pvt Ltd","","59,City Centre,1st Flr, Amritsar - 143001"
"Amritsar Punjabi Jutti","+ 91  8559004200","Ram Building, Amritsar - 143001, Opposite Jallianwal Bagh"
"AMRITSAR PUNJABI JUTI","","Ram Building, Chowk fuwara, Golden Temple, Amritsar - 143006, Opp.jalianwala bagh"
"Heritage Walk Amritsar","+ 91  9988503458","Golden Temple, Amritsar - 143006, Town Hall, Near Gurudwara Talahi Sahib"
"AMRITSAR KULCHA POINT","+ 91  9988866194","plot No 8, Batala Road, Amritsar - 143001, near Celebration Mall"
"SHIVAM PHARMA","+ 91  9417012120","house no.58, krishna square-3, Amritsar - 143001, celebration mall"
"Harish Sewing Machine","+ 91  9888744687","shop no 20, Shakti Nagar, Amritsar - 143006, Near Kali Mata Mandir"
"amritsar optical","+ 91  9878368848","shakti nagar chowk, Shakti Nagar, Amritsar - 143006, near spicy hut restaurant"
"S k electric cutting machine","+ 91  8146161396","Old jail road, Ranjit Avenue, Amritsar - 143001, Rattan singh chowk"
"Australia & New Zealand Educat...","+ 91  9356065208","VENUE - Holiday Inn, Ranjit Avenue, Amritsar - 143001, District Shopping Centre"
"Canadian SPP Colleges & Univer...","01835093010","VENUE - M K Hotel District Shopping Centre, Ranjit Avenue, Amritsar - 143001, Near Hotel holiday"
"Shree Amritsar Sword","+ 91  9779710797","149, Amritsar - 143001, Chattiwind Gate, Baba Deep Singh Ji Colony"
"Corrugated Box Machines","+ 91  9915504285","Plot No 95-A, Focal Point Industrial Area, Amritsar - 143001"
"Metalfolds Machines","+ 91  183 2588134","246, Focal Point,,, Amritsar - 143001"
"Indo Poly Machines Corporation...","+ 91  183 2580889","298, East Mohan Nagar Amritsar, Amritsar - 143001"
"Uttam Machines Tool","+ 91  9888660023","Vishkarma Wali Gali, Kanuwan Road, Amritsar - 143001, Simble Batala"
"New Sandeep Machine Tools","+ 91  183 2584253","10665, Old Octroi Post Sultanwind Road, Amritsar - 143001"
"Alpha Exports, Amritsar","+ 91  9417057275","Amritsar, Panjab, Amritsar - 143001"
"Harman Machine Tools","+ 91  183 6053187","268, 100ft Road, Amritsar - 143001, Near Bank Of India"
"Great Pharma","+ 91  9815268354","Amritsar - 143001, Kucha Dal Khana, Katra Sher Singh"
"A K Pharma","+ 91  183 5069856","9, Amritsar - 143001, Shree Guru Dass Market, Kucha Dal Khana, Katra Sher Singh"
"V P Rogantak Pharma","+ 91  183 5016057","106, Tilak Nagar, Amritsar - 143001"
"Sonu Machine Works","+ 91  9888428528","Beri Gate, Amritsar - 143001"
"Perfact Polymers","+ 91  183 2440679","S. K. Enterprises 66/11,, Amritsar - 143001"
"Kuldeep Singh Lenter Machine","+ 91  9855340171","Pind Fatehgarh Sukar Chak, Amritsar - 143001"
"Malik Seeds, Amritsar","+ 91  9815687861","Amritsar, Panjab, Amritsar - 143001"
"Amritsar Motors Pvt. Ltd.","+ 91  183 3106750","B-306, Ranjit Vihar,, Loharka Road, Amritsar - 143001"
"Dalip Machine Tools Brand","+ 91  183 2580886","520, East Mohan Nagar Amritsar, Amritsar - 143001"
"Perfect Polymers","+ 91  183 2553990","G.T. Road,, Amritsar - 143001, Opp. Sant Petrol Pumps"
"Premier Machine Tools","+ 91  183 2589369","49-B, 100ft Road,, Amritsar - 143001"
"Amritsar Sweets","+ 91  9855292856","Near Tungan Wali Puli, Majitha Road, Amritsar - 143001"
"Samrat Machine Tools","+ 91  183 2238186","144, Focal Point, Indl. Area,, Mehata Road Amritsar, Amritsar - 143001"
"Amritsar Cabs","+ 91  183 5007187","Railway Station G T Road Amritsar Opp.Canal Office Amritsar, Amritsar - 143001"
"Amritsar Medicine Center","+ 91  183 2548892","Schme No. 2, Katra Sher Singh, Amritsar - 143001"
"Deep Machine Tools Brand","+ 91  183 2482466","Plot No. 2, Baba Budha Ji Nagar,, Tt Road Amritsar, Amritsar - 143001"
"J M Machine Tools","+ 91  9855085017","45, Ramgarhia Colony, Kot Mit Singh ,Tarntaran Road,, Amritsar - 143001, Near Bus Stop"
"Shiv Bhole Polymers","+ 91  9501997419","Vpo Mandiala, Chabhal Road, Amritsar - 143001"
"amritsar electronic shop","+ 91  7765063007","Amritsar - 143001"
"Amritsar Commercial Press","+ 91  9988099498","Amritsar - 143001, Near Indusind Bank,Majith Mandi"
"Parbhat Machine Tool","+ 91  183 2230968","Sulanwind Road,, Amritsar - 143001, Near Old Octroio Post"
"Gwalior Machine Tools","+ 91  183 2483982","20, Dashmesh Colony Sultan Wind Road ,Katra Mit Singh,, Amritsar - 143001, Near Old Octroi Post"
"TEJ Machine Tools Co","+ 91  183 2236472","1, Modern Street, Amritsar - 143001"
"On Locale Regional Office Amri...","+ 91  183 2550505","Town Hall , , ,Town Hall ,Town Hall, ,Amritsar ,Amritsar-143001,"
"Amritsar Clinic And Nursing","+ 91  183 2572848","Gurdwara Lane , , ,200*A ,Gali No.5, ,Gurdwara Lane ,Majitha Road ,Amritsar-,"
"Gurdaspur Amritsar Kshetriya G...","+ 91  183 2382069","Gramin Vikas Bank,B/O Mode G.t.road, ,Near Bus Stand ,V & P.o Attari Teh &, , Distt ,Amritsar-"
"Amritsar Hospital Ltd","+ 91  183 2263927","Verka Majitha Bye Pass ,New Building, ,Amritsar. ,-,"
"amritsar Car Care","+ 91  9876801994","Shop number 18, taylor road, Amritsar - 143001, Opposite Aanaam Cinema"
"Amritsar motors","+ 91  7508111204","Court road, Amritsar - 143001, Rialto chowk, church"
"Amritsar Builders","+ 91  183 5069907","House No-10, Radha Swami Road, Amritsar - 143001"
"Amritsar Tour & Travel","+ 91  9815845150","Albert Road, Near Railway Station & Kundan Dhaba, AMRITSAR - 143001"
"Boi Pharma","","Schea No. 2, Katra Sher Singh, Amritsar - 143104"
"Shreeji Resin & Polymer","+ 91  183 2541965","Inside Beri Gate, # 69, Amritsar - 143104, near opp petrol pump indian oil"
"New Amritsar Furniture","+ 91  183 2226124","Shop Number-173, Cooper Road, Amritsar Bus Stand, Amritsar - 143001, bhandari brij"
"Royal Polymers","+ 91  183 2583898","86 - A, Bhai Lalo Ji Nagar, Amritsar - 143001, G T Road"
"Amritsar Public School","+ 91  183 2588000","Canal Road, Amritsar,, Amritsar - 143001"
"Amritsar Glass House","+ 91  183 5063965","Amritsar - 143001, Town Hall"
"Nutrition World, Amritsar","+ 91  9915099822","Amritsar, Panjab, Amritsar - 143001"
"Cure Pharma","+ 91  9815262376","41- Industrial Estate, P.O. Rayon & Silk Mills, Chheharta, Amritsar - 143001"
"Humed Pharma","+ 91  183 2560377","No.A-3, Canal Road, Amritsar - 143001"
"Ayush Pharma","+ 91  183 2545197","Harman Market, Amritsar, Amritsar - 143001"
"Shree Ram Pharma","+ 91  183 5003570","Cheel Mandi Amrisar, Amritsar - 143001"
"Hm Machine Tools","+ 91  183 2481616","150, Focal Point, Amritsar - 143001"
"Jaspal Machine Tools Brand","+ 91  183 2237674","28, Sudarshan Nagar, 100 Ft. Road Amritsar, Amritsar - 143001"
"Amritsar Haldi Sales Corp","+ 91  183 2578200","Gali Bankey Bihari,Batala Rd, Amritsar - 143001"
"Samrat Machine Tools","+ 91  183 2238186","144, Focal Point, Indl. Area, Mehata Road Amritsar, Amritsar - 143001"
"Amritsar Gaming Zone","+ 91  9814110007","95, Mall Road, Amritsar - 143001, Opposite Ig Border Range Residence"
"Amritsar Care","+ 91  7355633836","C/O. Master Mind Computer Institute, Daim Ganj, Main Road, Amritsar - 143001, Near Petrol Pump, Opp. Qilla"
"Gagan Vet Pharma","+ 91  183 5069885","Gali Kucha Dai Khana,, Amritsar - 143001, Katra Sher Singh"
"Ludhiana Readymade Sale Amritsar","+ 91  9569013052","Katda Kanhiya, Near Amrit Cinema, Amritsar - 143001"
"Krishna Resins & Polymers","+ 91  183 2210849","3rd, P 3rd, P O 4, 3rd, Mile Stone, G T Road, Mile Stone Mile Stone, G T Road, Mile Stone, G T Road, Amritsar - 143001"
"Balbir Machine Tools","+ 91  183 2589237","2, Kapoor Nagar Sultanwind Road,, Amritsar - 143001"
"K S Machine Tools","+ 91  183 2587236","168, East Mohan Nagar,, Amritsar - 143001"
"Jaswinder Machine Tools","+ 91  183 2580000","6, Sudarshan Nagar, Amritsar - 143001"
"Travel Agent In Amritsar","+ 91  183 2530847","Shop No 27 Pandit Din Diyal Upadhiaya Complex, Amritsar - 143001"
"Tara Shuttering & Mixture Machine","+ 91  9469097954","Marbal Market, Amritsar - 143001, Opp J&K Grameen Bank"
"Azad Machine Tools","+ 91  183 2282016","289, Guru Arjan DEV Nagar Tarn Taran Road, Amritsar - 143001"
"Dalip Machine Tools","+ 91  183 2582489","520,, Amritsar - 143001, East Mohan Ngr"
"Bandhu Pharma","+ 91  183 2558929","No.5, B D Market, Amritsar, Amritsar - 143001"
"J S Machine Tools India","+ 91  183 2702022","4 Fields, G T Road Wali Gali Near Canal, Amritsar - 143001"
"Rattan Sewing Machine Company","+ 91  183 5009634","Gole Hatti Chowk,, Amritsar - 143001"
"Shrijan Pharma","+ 91  9814004181","Amritsar - 143001"
"Amritsar provisional store","+ 91  9872618117","Shop no 297, Fatehgarh Churian Road, Amritsar - 143001, Near Akash avenue"
"Commercial Office Space Amrits...","+ 91  9996113456","Amritsar, Amritsar - 143001"
"Anish Pharma","+ 91  183 2555944","No.1, Mahajan Market,, Amritsar - 143001"
"Bhogal Machine Impex","+ 91  9914025544","52 Lane No.5, Gokal Ka Bagh, 100 Ft Road, Amritsar, Amritsar - 143001"
"Shivam Polymers","+ 91  7837919909","Batala Road, Amritsar - 143001, Vijay Nagar"
"Amritsar /Tarntaran District D...","+ 91  9417247974","No 759 (Gf) Housefed Complex, Amritsar - 143001"
"Amritsar Motor Agency","+ 91  9417020308","Pink Plaza Market, G T Road, Amritsar - 143001"
"Khanna Business Machines PVT LTD","+ 91  183 2213157","10 H Malviya Complex, Malviya Road, Amritsar - 143001, Opp company bagh"
"Deep International, Amritsar","+ 91  9814182564","Golden Temple, Guru Ram, Amritsar - 143006"
"Amritsar fertilizer agency","+ 91  9815191493","Shop no.51, Hide market, Amritsar - 143001, Opp. Bhandari bridge"
"The Jain Homoeopathic Pharma","+ 91  183 2556777","Mahna Singh Road, Amritsar - 143001, Nr Jallianwala Bagh"
"Radhika Pharma Distributors","+ 91  183 2210213","379, Gali Number-2, Amritsar - 143001, Model Town Near Amandeep Hospital"
"Amritsar Marketing","+ 91  183 2545832","2nd Floor, Kundan Plaza, Amritsar - 143001, Hall Bazar, Above Andharh Bank, Near Airtel Office"
"CITY TRAVEL AMRITSAR","+ 91  183 5059007","shop no 69, 2nd floor, nehru shopping complex, Lawrence Road, Amritsar - 143001, Nr chaupati restaurant"
"Amritsar pet shop","+ 91  9888294318","Sh no 4 b guru teg bhadur hospital, Ram Bagh, Amritsar - 143001"
"Satyam Pharma","+ 91  183 5050346","Shop No-3, Katra Sher Singh, Amritsar - 143006, Dhanguru Ramdas Market, Gali Kuchha Dai Khanna"
"S D Pharma","+ 91  183 5058852","1405, Katra Sher Singh, Amritsar - 143006, Kucha Dai Khana"
"Joshi Pharma Chemist & Druggists","+ 91  183 2553557","2056/12, Katra Sher Singh, Amritsar - 143006, Kucha Daikhana, Hall Bazar"
"A S Wehgal Pharma","+ 91  183 2530550","Shop No-7, Katra Sher Singh, Amritsar - 143006, Harman Market,"
"Sethi Pharma","+ 91  183 2543672","Shop Number-15, Katra Sher Singh, Amritsar - 143006, New Medicine Market"
"Aman Pharma","+ 91  183 5093136","Katra Sher Singh, Amritsar - 143006"
"Bhasin Pharma","+ 91  9814152854","2488/12, 1st Floor, Katra Sher Singh, Amritsar - 143006, Near Dav College"
"Union Pharma","+ 91  183 2543686","Katra Sher Singh, Amritsar - 143006, Kucha Dai Khana,Near Hall Bazar"
"Sa Sanctifier Pharma","+ 91  9417277462","Shop No-3 1st Floor Swami Market, Katra Sher Singh, Amritsar - 143006"
"Guru Nanak Printing Machines M...","+ 91  183 5061139","59, East Mohan Nagar, Indl. Area Amritsar, Amritsar - 143001"
"Trendz, Amritsar","+ 91  9814530300","Amritsar, Panjab, Amritsar - 143001"
"Amritsar Cold Drinks","+ 91  9872998519","52, Old Jail Road, Amritsar - 143001"
"Deep Enterprises, Amritsar","+ 91  9988111275","Amritsar, Panjab, Amritsar - 143001"
"Amritsar Education Society And...","+ 91  183 2507622","72 Sector 4 Amritsar, Amritsar - 143001"
"Bombay Foundry & Machines","+ 91  183 2272336","Kashmir Road ,Amritsar, Amritsar - 143001"
"Amritsar Motor Store","+ 91  183 2541046","Amritsar - 143001, Sheranwala Gate"
"Gn Print Pack Machines","+ 91  9464283050","12, Mehta Road, Maqboolpura, Amritsar - 143001"
"Luthra Industries Amritsar","+ 91  183 2571198","132, Gopal Nagar,, Amritsar - 143001"
"Dhruv International Amritsar","+ 91  183 3124164","G. T. Road, Amritsar - 143001, Opposite O. C. M. Chheharta,"
"Amritsar Dental Lab","+ 91  183 2211954","The Mall Barkats Singh Marke, Amritsar - 143001"
"Amritsar Engg. Works","+ 91  183 4069898","Plot No. 71-72,, G.T. Road, Amritsar - 143001"
"Modern Machine Works","+ 91  183 2231810","214, East Mohan Nagar,, Amritsar - 143001"
"Lado Mixture Lift Machine Wale...","+ 91  9914608216","Ram Tirath Road, Jago Bana Colony, Amritsar - 143001"
"R. S. Electricals, Amritsar","+ 91  9815237613","Amritsar, Panjab, Amritsar - 143001"
"Indo Asia Machines Corporation","+ 91  9878040360","64, Bhai Lalo Ji Nagar Gt Road, Amritsar - 143001"
"Amritsar Timber Store","+ 91  9872249191","Cheel Mandi, Amritsar - 143001"
"Amritsar Computer Care","+ 91  9463247501","104, 1st Floor, Amritsar - 143001, Chowdhary Plaza, Hide Market, Gt Road"
"Popular Machine Tools","+ 91  9815485456","Cinema Road, Amritsar - 143001"
"Hm Polymers","+ 91  9803132405","Bus Stand, Amritsar - 143001"
"Amritsar Health Club","+ 91  9988423109","L6/872, Gali No 2, Amritsar - 143001, Shaheed Udham Singh Nagar, Tt Road"
"Baba Disaan Mixer Machine Wala","+ 91  9814736072","Dapai Road, Guru Nanak Pura, Amritsar - 143001, Near Tudi Wala Taal"
"Amritsar Computer Care","+ 91  9464750065","Amritsar - 143001, Hide Mkt."
"Amritsar Aluminium House","+ 91  9817151289","Chk Hussianpura, Amritsar - 143001"
"Teriot Auto & Electricals Priv...","+ 91  183 2581057","221, East Mohan Nagar,, Amritsar - 143001"
"Appolo Machine Tools Manufactu...","+ 91  183 2231331","111, Kapoor Nagar Near Canal Sultanwind Road, Amritsar - 143001"
"A P Pharma","+ 91  183 2558089","No.5, Harman Market,, Amritsar - 143001"
"Dhananjay Pharma","+ 91  183 2291440","No.6, G R D Market,, Amritsar - 143001"
"Amritsar Medicine Centre","+ 91  183 2543679","2084/12, Gali Kucha Dai Khana, Amritsar - 143001, Katra Sher Singh"
"Chohan Pharma","+ 91  183 5006821","No.5, B D Market,, Amritsar - 143001"
"Amritsar Food","+ 91  9872985201","Shukar Chak Road Near Verka Octroi Verka, Amritsar - 143001"
"Amritsar Airport Cabs","+ 91  9988370123","Sco-32, Deep Complex, Coourt Road, Amritsar - 143001, Opposite Dwaba Automobile"
"Amritsar Taxi Stand tour & Travel","+ 91  9988314811","Shop Number-3, Goal bagh, Amritsar - 143001, Opp.railway station"
"The Jain Homoeopathic Pharma","+ 91  183 2554469","Pink Plaza Market, Amritsar, Amritsar Road, Amritsar - 143001, Out Side Of Hall Gate"
"Global Computers Amritsar","+ 91  9216350546","Amritsar - 143001"
"Amritsar Furniture","+ 91  183 2552489","2638/V-16, Amritsar Bus Stand, AMRITSAR - 143001, Uttam Garh , Bazar Baba Bhori Wala"
"Amritsar College Of Engineerin...","+ 91  183 5069532","12 Km. Stone, G.t.road, Amritsar - 143001, Amritsar - Jalandhar"
"Manappuram Finance, Lowrance R...","+ 91  183 3222520","Flat No. 104, Ist Floor, S.s. Colour Lab Building, Lowrance Road, Lawrence Road, Amritsar - 143001, Opp. Nehru Shopping Complex"
"Five Star Machines","+ 91  183 2586872","72, Mehta Road, Amritsar - 143001, Focal Point"
"Dr Shorey The Amritsar Clinica...","+ 91  183 2542979","Chowk Regent Cinema, Gandhi Bazar, Amritsar - 143006, Chowk Regent Cinema"
"Sandhu Drill Machines","+ 91  9872168755","18, Sultanwind Road, Sultanwind, Amritsar - 143021, Kot Atma Ram, Behind Jain Mandir"
"Dalip Machine Tools","+ 91  183 2582489","Plot Number 520, East Mohan Nagar, Amritsar - 143006, Near RAI Chicken"
"Amritsar Hospital","+ 91  183 2702500","100 Feet Road, Amritsar Bus Stand, Amritsar - 143001, Near Sultanwind Road"
"Bank Of Baroda Amritsar Pratap...","+ 91  183 2584172","P No-1, G T Rd, Pratapnagar, Amritsar - 143006"
"VRINDAVAN GARDENS AMRITSAR","+ 91  183 6548182","SCO 1, VRINDAVAN ORCHARD, Amritsar - 143002, LOHARKA ROAD"
"Acumen Capital Market (I) LTD ...","+ 91  183 3257448","Adjacent ICICI Bank, Rani Ka Bagh, Amritsar - 143001, Amirtsar"
"Amritsar Crown Cap","+ 91  183 2432527","14 Km Stone, G T Rd, Jandiala Guru, Amritsar - 143115"
"Amritsar Rice Mills","+ 91  183 2440161","Jandiala Guru, Amritsar - 143115, Manawala,District Amritsar"
"Amritsar Co Op Bank Ltd","+ 91  183 2592935","Central Jail Road ,Raja Sansi Road ,, ,Amritsar-,"
"Amritsar Sewa Samiti Regd Homo...","+ 91  183 2534072","66/X-1 , , ,Inner Circular Road ,Beri, Gate , ,Amritsar-,"
"Amritsar Transport Co.(P) Ltd.","+ 91  183 2532189","Amritsar Transport Co.(P) Ltd., Amritsar - 143001"
"Amritsar Agra Transport Co.","+ 91  9888102343","123,Transport Nagar, Amritsar - 143002"
"AMRITSAR MOTORS","+ 91  9815782037","Amritsar Gpo, Amritsar, Court Rd, Amritsar - 143001, Opp Church"
"Amritsar Tampo Union","+ 91  183 6535495","G T Road, Amritsar - 143001, Ram Bhlai Mini State Bank"
"K.B. Machine Factory","+ 91  183 2484544","Sultanwind Road, Amritsar - 143001"
"Amritsar Air Lines","","Amritsar - 143001, M K International Hotel,Ranjit Avenue"
"Amritsar Time Centre","+ 91  183 5006773","Hall Bazar,, Amritsar - 143001"
"Craft Machines Corporation","+ 91  9815967131","194, Focal Point, Amritsar - 143001"
"Amritsar Sewa Samiti","+ 91  183 2564437","76, Shri Hari Bhawan, Kennedy Avenue, Amritsar - 143001"
"Bank Of Baroda Amritsar","+ 91  183 2291492","Amritsar - 143001, Town Hall"
"Lebon Pharma","+ 91  183 3951860","Katra Sher Singh, Amritsar - 143006"
"Messrs Amritsar Music House","+ 91  183 2546668","Pultighar, Amritsar, G T Road, Amritsar - 143001"
"Amritsar Music House","+ 91  183 2545668","Hall Bazar, Amritsar - 143001"
"amritsar Hardware Store","+ 91  183 2545216","shop No 94, Ram bag, Amritsar - 143001, near goll hathi chownk"
"THE AMRITSAR ELECTRICALS","+ 91  183 2543595","Goal HATTI chowk, Hall bazar, Hall Bazar, Amritsar - 143001, Near ramada hotel"
"Canam Group Amritsar","+ 91  183 3067525","Sco 109, 2nd Floor, District Shopping Complex,, Amritsar - 143001, Adjacent Passport Office"
"Ajanta Machine Tools","+ 91  183 5009119","299 B, Chamrang Rd, Mohan Nagar, Amritsar - 143006, Opposdite Rai Chicken, East Mohan Nagar"
"Bhagwati Pharma","+ 91  183 2306873","Katra Sher Singh, Amritsar - 143006"
"Prabhat Pharma","+ 91  183 5004067","Shop Number-1, Building Number- 68, Katra Sher Singh, AMRITSAR - 143006, Medicine Market, Near Subhash Park"
"Rajindra Machine Industries","+ 91  183 2580333","K-13/377,, Sultanwind Rd, Amritsar - 143001, Near Water Tank, Old Octrol Post,"
"Canara Bank, Amritsar, Punjab","+ 91  183 2275145","Sursingh (Bhikiwind) Amritsar-143 302, Amritsar - 143001"
"Amritsar Bagh Associates","+ 91  183 5014374","374, Amritsar - 143001, East Mohan Ngr, Nr Gopta Bakery"
"Amritsar College Of Engg & Tech","+ 91  183 2440675","Amritsar Jalandhar G T Rd, Amritsar - 143001, Mananwala"
"Amritsar Club","+ 91  183 2401837","Ram Bagh Gardens Amritsar, Amiritsar, Amritsar - 143001"
"Amritsar Trading Co","+ 91  9653490970","Shop No-104, Amritsar Bus Stand, Amritsar - 143001, Idh Market, Near Bus Stand"
"Amritsar Institute Of English ...","+ 91  9216225060","25 C4 Ff, Amritsar - 143001, Opp Karan Palace"
"NEO Herbs Pharma","+ 91  183 2744014","Vpo Jethuwal, Amritsar - 143001"
"Amritsar Dog Kennel","+ 91  9530769306","Street No-2, Amritsar Bus Stand, Amritsar - 143001, Bus Stand, Opposite Sangam Cinema"
"Amritsar Property Linkers","+ 91  183 2502220","S.C.O. No-105, Distt. Shopping Complex, Ranjeet Avenue, Ranjit Avenue, Amritsar - 143001, Above LG Showroom, Near Passport Office"
"Amritsar Hotel & Restaurant As...","+ 91  183 2229636","84 queen road amritsar, Amritsar - 143001, hotel suncity"
"Amritsar Swadeshi Textile Corp...","+ 91  183 2220782","Ram Tirath Road, Amritsar - 143001"
"Happy Sewing Machine & Radio Co.","+ 91  183 2548910","Hall Bazar, Gandhi Bazar, Amritsar - 143006"
"Amritsar holiday Travels","+ 91  183 6845161","Anad Avenue, 101-c,old jail road,opp providend fund building Amritsar, Ranjit Avenue, Amritsar - 143001, Nr.gurdwara"
"Amritsar Aviation Club","+ 91  183 2214044","Post office Raja sahasi, (10 km ), Amritsar - 143001, INSIDE SHRI GURURAM DAS INTER NATIONAL AIRPORT"
"Amritsar Traders","+ 91  183 2272393","Main Batala Road, Amritsar - 143001, Near Navjot School,Krishna Sweets"
"Bajrang Printing Machine Manuf...","+ 91  183 2589492","No. 347, Gobind Nagar, Sultanwind Road, Amritsar- 143001, Amritsar - 143001"
"New Amritsar Delhi Goods Carriers","+ 91  183 2557085","Amritsar Bus Stand, Amritsar - 143001, Near Punjab National Bank,Katra Jaimal Sing, Near ghee mandi"
"taxi service amritsar","+ 91  9855028504","Opp. Khalsa Public School, GT Road, Near. Khalsa College Amritsar, Punjab, Putligarh, Amritsar - 143002"
"Amritsar Tour Guides","+ 91  8528497302","House No-63b, Model Town, Amritsar - 143002"
"H M Polymers","+ 91  9815516533","Sultanwind Road,, Sultant Wind Gate, Amritsar - 143006, Near Old Octroi,"
"Flying Machine Store","+ 91  9814574344","Shop-35, 1st Floor, Alfa - G Mall, Grand Truk Road, Amritsar - 143001"
"Gagan Pharma","+ 91  183 5010107","inside hall gate,khana market, Katra Sher Singh, Katra Sher Singh, Amritsar - 143006"
"Guru Nanak Printing Machines M...","+ 91  183 2582511","394, old Focal Point, Amritsar - 143001, Amritsar Public School"
"Amritsar Centeral Co Op Bank Ltd","+ 91  183 2750031","Branch Wadala Viram ,Vill.p.o.wadala, Viram ,Via Majitha Distt.amritsar, , ,Wadala Viram-"
"Shri Krishna Pharma","+ 91  183 5012746","Shop No-3, Gali Deputy Aziz Din, Amritsar - 143001, Katra Sher Singh,Krishna Medicine Mkt"
"Amritsar Eye Hospital","+ 91  183 2256361","G N D U Shopping Complex, G T Road, Guru Nanak DEV University, Amritsar - 143005"
"Amritsar Public School","+ 91  183 2588001","Amritsar - 143002"
"Kalsi Machine Tools (Regd .) B...","+ 91  183 2585823","121, East Mohan Nagar, Indl. Area Amritsar, Amritsar - 143001"
"Kids Cafe Amritsar","+ 91  183 5060505","109 & 110, First Floor, Nehru Shopping Complex, Lawrence Road, Lawrence Road, Amritsar - 143001, Novelty Chowk"
"Bank Of Baroda Amritsar","+ 91  183 2566417","40-A, Amritsar - 143001, Kennedy Avenue"
"Amritsar Placements","+ 91  183 5061919","1-2, Ashirwad Apartments. Ground Floor, Rani Ka Bagh, Amritsar - 143001, Adjoing State Bank Of India"
"Fortis Hescorts Hospital Amritsar","","Amritsar, Panjab, Amritsar - 143001"
"Amritsar Sewa Samiti Homoeopat...","+ 91  183 2534419","Khuh Suniarian 66/10-I ,H.o. Khoo, Suniarian ,Amritsar ,-,"
"Chandan Drugs Pharma","+ 91  288 2500052","Plot M-27, Amritsar - 143002, Gate Number- 3, Green Avenue,Near Holiheart School"
"Time Travels Amritsar","+ 91  183 2400143","14, Kapoor Plaza, Queens Road, Amritsar - 143001"
"Feco Paper & Machines Pvt. Ltd.","+ 91  183 2258992","Feco Ind. Building, Mehta Road Maqboolpura, Amritsar - 143001"
"Amritsar Gun House","+ 91  9501091438","Amritsar Gpo, Amritsar, Court Road, Amritsar - 143001"
"Art of Living Amritsar","+ 91  9417022457","Dwarkadheesh Complex, Queens Road, Amritsar - 143001, Opposite Alexandra School"
"Amritsar Kennel Club","+ 91  183 2222612","Dayanand Nagar-3, Lawrence Road,, Amritsar - 143001"
"Amritsar HDFC Bank Ltd","+ 91  9316993563","Plot No 39, Amritsar - 143001, Main Bajar"
"Angel Broking - Amritsar Branch","+ 91  183 3987001","Shop No-5 Deep Complex,, Court Road, AMRITSAR - 143001, Opposite Doaba Automobiles,"
"Frontier Polymers Pvt. Ltd.","+ 91  183 6571119","G. T., V.p.o. Nijjerpura, Jandialia Road, Amritsar - 143001"
"GURUNANAK MACHINE TOOLS","+ 91  183 5058081","62-B, New Gokal Ka Bagh,100 Ft Road, Amritsar - 143001"
"Amritsar Gas Service","+ 91  183 2400440","Dilawari Street, Putligarh, Amritsar - 143002, Putlighar"
"Kabir Park- Amritsar HDFC Bank...","+ 91  9356688710","Main Road, Kabir Park Colony, Amritsar - 143002, Opp Guru Nanak DEV University"
"Amritsar Public School","+ 91  183 2238001","G T Rd, Amritsar - 143001"
"ACET- Amritsar College Of Engi...","+ 91  9501033881","12km Stone Nh3, Grand Trunk Road Mehar Banpur, Manawala, Amritsar - 143109"
"Star Polymers Inc","+ 91  183 2223272","25, Basant Avenue Amritsar, Amritsar - 143001, Amritsar"
"Well wishers Amritsar Tourist ...","+ 91  9814180754","Amritsar - 143002"
"Milson Machine Tools","+ 91  183 2481450","Plot No 9, Sultanwind Road, Amritsar - 143002, Near Ice Factory, New Kapoor Nagar"
"A.D.C .(G)Amritsar.","+ 91  183 2226363","Amritsar,, Amritsar - 143002"
"Horizon Polymers","+ 91  9872257800","21-22, Industrial Complex, Govindwal, Amritsar - 143006"
"Amritsar HDFC Bank Ltd","+ 91  183 3018603","Main Road, Amritsar - 143002, Nr Police Line"
"Amritsar Sewa Samiti","+ 91  183 2531048","Sewa Samiti Pharmacy Building, Durgiana Road, Amritsar - 143001, Opp Andh Vidhyala"
"Amritsar Electronic House","+ 91  9779922009","9-10, M M Malviya Road, Amritsar - 143001, near art gallery"
"Pharma Machines & Polymers","+ 91  183 2588373","228, Mehta Rd, Amritsar - 143001, Focal Point"
"Pharma General Traders","+ 91  183 2555532","Katra Sher Singh, Amritsar - 143006"
"Pharma Sales","+ 91  1858 2544619","1350/10, Kucha Dal Khana, Raja Sansi, Amritsar - 143101"
"Ramada Amritsar","+ 91  183 5025555","Golden Temple, Amritsar - 143006, Ramada Hall Bazar"
"NIIT Amritsar Mall Road Centre","+ 91  183 2562301","Second Floor 38 The Mall, Amritsar - 143001"
"Perfect Machine Tools","+ 91  183 2580057","Plot Number 512 East Mohan Nagar Industrial Area, Amritsar - 143001, Near Life Line Hospital"
"Perfect Machine Tools","+ 91  183 2580057","Plot Number 512 East Mohan Nagr Industrial Area, Amritsar - 143001, Near Life Line Hospital"
"Amritsar Dental Clinic","+ 91  9815036035","53 - A, New Kangra Colony, Amritsar - 143001, Opposite Lord Krishna School"
"Amritsar Enviro Care System...","+ 91  9653470000","Pasricha Medicare Centre, Main Road, Haripura, Amritsar - 143006, Adjoining Gurudwara & Near Jwala Flour Mill Post Office"
"Shree Amritsar Sword","+ 91  9779710797","149 Baba Deep Singh Ji Colony, Amritsar - 143001, Inside Chahtiiwind Gate"
"Amritsar Property Linkers","+ 91  9417292777","Sco Number 105 District Shopping Complex Ranjeet Avenue, Main Road, Amritsar - 143002, Near Passport Office Ran Avenue Above Lg Showroom"
"Amritsar Sanitary And Hardw...","+ 91  9988877782","Guru Nanak Colony, Sultanwind Road, Amritsar - 143001, Near Gobind Nagar Gate Opposite Allahabad Bank"
"Hyatt Hotel","+ 91  183 2871234","Main G T Road, Amritsar - 143001, Adjoining Alpha One City Centre Mall , Mbm Farms"
"Sri Guru Ram Dass Jee Internat...","+ 91  183 2214353","Ajnala Road, Amritsar - 143001"
"Peddlers Amritsar","+ 91  183 5002224","Sco. 36,, Dist Shoping Complex, Amritsar - 143001"
"The Fern Residency Amritsar","+ 91  183 5151222","33, The Mall, Sona Chandi Tower, Mall Road, Amritsar - 143001, Near Income Tax Chowk"
"Amritsar Club","+ 91  183 2222082","Mall Road, Amritsar - 143001, Company Bagh"
"Amritsar Transport Co","+ 91  183 2551533","Street Number- 2, G T Road, Amritsar - 143001, Pulighar"
"Municipal Corporation Amritsar","+ 91  183 2545155","Town Hall, Amritsar - 143002"
"Corporation Bank Amritsar","+ 91  183 2228521","8,Ground Floor, Lawrence Road, Amritsar - 143001"
"Amritsar College Of Engineerin...","+ 91  183 5069536","G.t. Road, Amritsar - 143001"
"Renault Amritsar","+ 91  183 3293909","Attri Bye Pass Road, Gt Road, Amritsar - 143001, Near Byepass Chowk, Dohuri, Daburchi"
"Government Medical College, Am...","+ 91  183 2421977","Circular Road, Amritsar, Punjab, Amritsar - 143001"
"State Bank Of India Karmon Deo...","+ 91  183 2294496","Amritsar - 143002"
"Ramada Amritsar","+ 91  8566831722","Ramada, goal hatti chowk, Amritsar - 143006, Amritsar"
"State Bank Of India Gopal Naga...","+ 91  183 2570182","Majitha Road, Gopal Nagar, Amritsar - 143001"
"Amritsar Printing Press","+ 91  183 2224520","31, Circular Road, Amritsar - 143001"
"Ferozpuria Turban Training Cen...","+ 91  9027400004","38-A, 100 FEET RD,, Amritsar - 143006"
"Corporation Bank Amritsar","+ 91  183 2532284","LIC Of India,Jeevan Udyog Bldg, Amritsar - 143001, City Centre"
"Bubber Machine Tools","+ 91  183 2258566","G T Road, Chheharta, Amritsar - 143105, P O Rayon & Silk Mills"
"State Bank Of India Tarn Taran...","+ 91  1859 278446","Fatehbad (Tarn Taran), Amritsar - 143407"
